Node_import,Zone_demand,Unit,Transport_eu_mode,Transport_eu_distance
FIN_PORT0001,CHE_DEM01,[1000km],Pip,1.945194786
FIN_PORT0001,BEL_DEM01,[1000km],Pip,1.765180321
FIN_PORT0001,DEU_DEM01,[1000km],Pip,1.46203323
FIN_PORT0001,LUX_DEM01,[1000km],Pip,1.770355791
FIN_PORT0001,MLT_DEM01,[1000km],Pip,2.874501228
FIN_PORT0001,CYP_DEM01,[1000km],Pip,2.86261055
FIN_PORT0001,GRC_DEM01,[1000km],Pip,2.395926253
FIN_PORT0001,FRA_DEM01,[1000km],Pip,2.213016892
FIN_PORT0001,DNK_DEM01,[1000km],Pip,1.106921589
FIN_PORT0001,HUN_DEM01,[1000km],Pip,1.558213663
FIN_PORT0001,ITA_DEM01,[1000km],Pip,2.206669954
FIN_PORT0001,POL_DEM01,[1000km],Pip,1.037371286
FIN_PORT0001,NLD_DEM01,[1000km],Pip,1.592564072
FIN_PORT0001,AUT_DEM01,[1000km],Pip,1.653009242
FIN_PORT0001,HRV_DEM01,[1000km],Pip,1.850914624
FIN_PORT0001,CZE_DEM01,[1000km],Pip,1.399511747
EST_PORT0001,SWE_DEM01,[1000km],Pip,0.56994928
EST_PORT0001,BGR_DEM01,[1000km],Pip,1.855045984
EST_PORT0001,EST_DEM01,[1000km],Pip,0.096070919
EST_PORT0001,FIN_DEM01,[1000km],Pip,0.570353809
EST_PORT0001,POL_DEM01,[1000km],Pip,0.879162209
EST_PORT0001,SVK_DEM01,[1000km],Pip,1.241221131
EST_PORT0001,SVN_DEM01,[1000km],Pip,1.620928435
EST_PORT0001,NOR_DEM01,[1000km],Pip,0.788586076
EST_PORT0001,ESP_DEM01,[1000km],Pip,4.612535246
FIN_PORT0001,PRT_DEM01,[1000km],Pip,3.36869648
FIN_PORT0001,IRL_DEM01,[1000km],Pip,2.2571423
FIN_PORT0001,GBR_DEM01,[1000km],Pip,1.908757085
EST_PORT0001,LVA_DEM01,[1000km],Pip,0.287124739
EST_PORT0001,LTU_DEM01,[1000km],Pip,0.459089169
EST_PORT0001,ROU_DEM01,[1000km],Pip,1.512320089
EST_PORT0001,ESP_DEM01,[1000km],Pip,2.890031479
ROU_PIPE0002,GBR_DEM01,[1000km],Pip,1.947255124
ROU_PIPE0002,MLT_DEM01,[1000km],Pip,1.503563428
ROU_PIPE0002,CYP_DEM01,[1000km],Pip,1.643917518
ROU_PIPE0002,GRC_DEM01,[1000km],Pip,0.968709387
ROU_PIPE0001,ESP_DEM01,[1000km],Pip,2.650198406
ROU_PIPE0001,ESP_DEM01,[1000km],Pip,4.295774865
ROU_PIPE0002,PRT_DEM01,[1000km],Pip,2.690041254
ROU_PIPE0002,IRL_DEM01,[1000km],Pip,2.279954805
ROU_PIPE0002,LUX_DEM01,[1000km],Pip,1.269471438
ROU_PIPE0002,NLD_DEM01,[1000km],Pip,1.34634806
ROU_PIPE0002,AUT_DEM01,[1000km],Pip,0.675417054
ROU_PIPE0002,HRV_DEM01,[1000km],Pip,0.599534522
ROU_PIPE0002,FRA_DEM01,[1000km],Pip,1.561779701
ROU_PIPE0002,CHE_DEM01,[1000km],Pip,1.13076104
ROU_PIPE0002,BEL_DEM01,[1000km],Pip,1.378954338
ROU_PIPE0002,DEU_DEM01,[1000km],Pip,0.993529062
ROU_PIPE0001,ITA_DEM01,[1000km],Pip,1.339667702
ROU_PIPE0001,POL_DEM01,[1000km],Pip,1.011695555
ROU_PIPE0001,SVK_DEM01,[1000km],Pip,0.781577408
ROU_PIPE0001,SVN_DEM01,[1000km],Pip,1.064899173
ROU_PIPE0001,HRV_DEM01,[1000km],Pip,0.946819734
ROU_PIPE0001,CZE_DEM01,[1000km],Pip,1.104782078
ROU_PIPE0001,DNK_DEM01,[1000km],Pip,1.754760799
ROU_PIPE0001,HUN_DEM01,[1000km],Pip,0.728889006
ROU_PIPE0001,FIN_DEM01,[1000km],Pip,2.145516315
ROU_PIPE0001,LVA_DEM01,[1000km],Pip,1.312702047
ROU_PIPE0001,LTU_DEM01,[1000km],Pip,1.165732466
ROU_PIPE0001,ROU_DEM01,[1000km],Pip,0.280068793
ROU_PIPE0001,NOR_DEM01,[1000km],Pip,2.313572295
ROU_PIPE0001,SWE_DEM01,[1000km],Pip,2.088579708
ROU_PIPE0001,BGR_DEM01,[1000km],Pip,0.380020841
ROU_PIPE0001,EST_DEM01,[1000km],Pip,1.505116821
ROU_PIPE0001,IRL_DEM01,[1000km],Pip,2.773175986
ROU_PIPE0001,GBR_DEM01,[1000km],Pip,2.442277406
ROU_PIPE0001,MLT_DEM01,[1000km],Pip,1.57467225
ROU_PIPE0001,CYP_DEM01,[1000km],Pip,1.204495263
POL_PIPE0003,ROU_DEM01,[1000km],Pip,0.451881749
POL_PIPE0003,ESP_DEM01,[1000km],Pip,2.361193104
POL_PIPE0003,ESP_DEM01,[1000km],Pip,4.082567369
ROU_PIPE0001,PRT_DEM01,[1000km],Pip,3.082411926
ROU_PIPE0001,DEU_DEM01,[1000km],Pip,1.486888765
ROU_PIPE0001,LUX_DEM01,[1000km],Pip,1.750422721
ROU_PIPE0001,NLD_DEM01,[1000km],Pip,1.840436191
ROU_PIPE0001,AUT_DEM01,[1000km],Pip,1.12891938
ROU_PIPE0001,GRC_DEM01,[1000km],Pip,0.824413722
ROU_PIPE0001,FRA_DEM01,[1000km],Pip,2.006160298
ROU_PIPE0001,CHE_DEM01,[1000km],Pip,1.570726037
ROU_PIPE0001,BEL_DEM01,[1000km],Pip,1.865655692
POL_PIPE0003,HUN_DEM01,[1000km],Pip,0.428981362
POL_PIPE0003,ITA_DEM01,[1000km],Pip,1.181892563
POL_PIPE0003,POL_DEM01,[1000km],Pip,0.393870646
POL_PIPE0003,SVK_DEM01,[1000km],Pip,0.326088136
POL_PIPE0003,AUT_DEM01,[1000km],Pip,0.741080298
POL_PIPE0003,HRV_DEM01,[1000km],Pip,0.759285727
POL_PIPE0003,CZE_DEM01,[1000km],Pip,0.597992135
POL_PIPE0003,DNK_DEM01,[1000km],Pip,1.139905305
POL_PIPE0003,EST_DEM01,[1000km],Pip,0.994297377
POL_PIPE0003,FIN_DEM01,[1000km],Pip,1.643393036
POL_PIPE0003,LVA_DEM01,[1000km],Pip,0.789090161
POL_PIPE0003,LTU_DEM01,[1000km],Pip,0.615259137
POL_PIPE0003,SVN_DEM01,[1000km],Pip,0.774780298
POL_PIPE0003,NOR_DEM01,[1000km],Pip,1.725483449
POL_PIPE0003,SWE_DEM01,[1000km],Pip,1.505197982
POL_PIPE0003,BGR_DEM01,[1000km],Pip,0.792810849
BGR_PORT0001,CYP_DEM01,[1000km],Pip,0.966824403
BGR_PORT0001,GRC_DEM01,[1000km],Pip,0.538825567
BGR_PORT0001,FRA_DEM01,[1000km],Pip,2.021923843
BGR_PORT0001,CHE_DEM01,[1000km],Pip,1.593811853
BGR_PORT0001,PRT_DEM01,[1000km],Pip,3.02320154
BGR_PORT0001,IRL_DEM01,[1000km],Pip,2.879834644
BGR_PORT0001,GBR_DEM01,[1000km],Pip,2.56833306
BGR_PORT0001,MLT_DEM01,[1000km],Pip,1.341326691
BGR_PORT0001,AUT_DEM01,[1000km],Pip,1.190186066
BGR_PORT0001,HRV_DEM01,[1000km],Pip,0.933001047
BGR_PORT0001,CZE_DEM01,[1000km],Pip,1.232571948
BGR_PORT0001,DNK_DEM01,[1000km],Pip,1.950677056
BGR_PORT0001,BEL_DEM01,[1000km],Pip,1.957092699
BGR_PORT0001,DEU_DEM01,[1000km],Pip,1.609929458
BGR_PORT0001,LUX_DEM01,[1000km],Pip,1.830071071
BGR_PORT0001,NLD_DEM01,[1000km],Pip,1.961999634
SVK_PIPE0001,SVK_DEM01,[1000km],Pip,0.194622226
SVK_PIPE0001,SVN_DEM01,[1000km],Pip,0.613537101
SVK_PIPE0001,NOR_DEM01,[1000km],Pip,1.834450808
SVK_PIPE0001,SWE_DEM01,[1000km],Pip,1.61954739
SVK_PIPE0001,DNK_DEM01,[1000km],Pip,1.16304875
SVK_PIPE0001,HUN_DEM01,[1000km],Pip,0.254527084
SVK_PIPE0001,ITA_DEM01,[1000km],Pip,1.009724849
SVK_PIPE0001,POL_DEM01,[1000km],Pip,0.442012514
SVK_PIPE0001,LTU_DEM01,[1000km],Pip,0.764545159
SVK_PIPE0001,ROU_DEM01,[1000km],Pip,0.370378209
SVK_PIPE0001,ESP_DEM01,[1000km],Pip,2.217294616
SVK_PIPE0001,ESP_DEM01,[1000km],Pip,3.929019022
SVK_PIPE0001,BGR_DEM01,[1000km],Pip,0.687570612
SVK_PIPE0001,EST_DEM01,[1000km],Pip,1.148512329
SVK_PIPE0001,FIN_DEM01,[1000km],Pip,1.793127189
SVK_PIPE0001,LVA_DEM01,[1000km],Pip,0.943317431
SVK_PIPE0001,MLT_DEM01,[1000km],Pip,1.540796177
SVK_PIPE0001,CYP_DEM01,[1000km],Pip,1.756934618
SVK_PIPE0001,GRC_DEM01,[1000km],Pip,1.055832105
SVK_PIPE0001,FRA_DEM01,[1000km],Pip,1.485092674
ROU_PIPE0002,ESP_DEM01,[1000km],Pip,3.971204766
SVK_PIPE0001,PRT_DEM01,[1000km],Pip,2.629265791
SVK_PIPE0001,IRL_DEM01,[1000km],Pip,2.174699225
SVK_PIPE0001,GBR_DEM01,[1000km],Pip,1.839176301
SVK_PIPE0001,NLD_DEM01,[1000km],Pip,1.240492653
SVK_PIPE0001,AUT_DEM01,[1000km],Pip,0.603973281
SVK_PIPE0001,HRV_DEM01,[1000km],Pip,0.58403787
SVK_PIPE0001,CZE_DEM01,[1000km],Pip,0.512085404
SVK_PIPE0001,CHE_DEM01,[1000km],Pip,1.05921497
SVK_PIPE0001,BEL_DEM01,[1000km],Pip,1.280156523
SVK_PIPE0001,DEU_DEM01,[1000km],Pip,0.889210664
SVK_PIPE0001,LUX_DEM01,[1000km],Pip,1.174970485
ROU_PIPE0002,POL_DEM01,[1000km],Pip,0.551826251
ROU_PIPE0002,SVK_DEM01,[1000km],Pip,0.289456715
ROU_PIPE0002,SVN_DEM01,[1000km],Pip,0.658725557
ROU_PIPE0002,NOR_DEM01,[1000km],Pip,1.934121831
ROU_PIPE0002,CZE_DEM01,[1000km],Pip,0.612883078
ROU_PIPE0002,DNK_DEM01,[1000km],Pip,1.276810075
ROU_PIPE0002,HUN_DEM01,[1000km],Pip,0.289033731
ROU_PIPE0002,ITA_DEM01,[1000km],Pip,1.02864695
ROU_PIPE0002,LVA_DEM01,[1000km],Pip,1.016606904
ROU_PIPE0002,LTU_DEM01,[1000km],Pip,0.841523634
ROU_PIPE0002,ROU_DEM01,[1000km],Pip,0.257277088
ROU_PIPE0002,ESP_DEM01,[1000km],Pip,2.271870839
ROU_PIPE0002,SWE_DEM01,[1000km],Pip,1.716963605
ROU_PIPE0002,BGR_DEM01,[1000km],Pip,0.582109504
ROU_PIPE0002,EST_DEM01,[1000km],Pip,1.221918804
ROU_PIPE0002,FIN_DEM01,[1000km],Pip,1.870505524
LTU_PIPE0001,ESP_DEM01,[1000km],Pip,2.685111875
LTU_PIPE0001,ESP_DEM01,[1000km],Pip,4.425527777
POL_PIPE0001,PRT_DEM01,[1000km],Pip,2.819037624
POL_PIPE0001,IRL_DEM01,[1000km],Pip,2.1119973
LTU_PIPE0001,FIN_DEM01,[1000km],Pip,1.090344214
LTU_PIPE0001,LVA_DEM01,[1000km],Pip,0.243825292
LTU_PIPE0001,LTU_DEM01,[1000km],Pip,0.13688159
LTU_PIPE0001,ROU_DEM01,[1000km],Pip,0.988519141
POL_PIPE0001,FRA_DEM01,[1000km],Pip,1.633917101
POL_PIPE0001,CHE_DEM01,[1000km],Pip,1.253978903
POL_PIPE0001,BEL_DEM01,[1000km],Pip,1.309191322
POL_PIPE0001,DEU_DEM01,[1000km],Pip,0.906125303
POL_PIPE0001,GBR_DEM01,[1000km],Pip,1.753681537
POL_PIPE0001,MLT_DEM01,[1000km],Pip,1.961997322
POL_PIPE0001,CYP_DEM01,[1000km],Pip,2.077578699
POL_PIPE0001,GRC_DEM01,[1000km],Pip,1.478696532
LTU_PIPE0001,HRV_DEM01,[1000km],Pip,1.26480127
LTU_PIPE0001,CZE_DEM01,[1000km],Pip,0.899631179
LTU_PIPE0001,DNK_DEM01,[1000km],Pip,1.003660563
LTU_PIPE0001,HUN_DEM01,[1000km],Pip,0.949711934
LTU_PIPE0001,DEU_DEM01,[1000km],Pip,1.105463445
LTU_PIPE0001,LUX_DEM01,[1000km],Pip,1.445104693
LTU_PIPE0001,NLD_DEM01,[1000km],Pip,1.359957523
LTU_PIPE0001,AUT_DEM01,[1000km],Pip,1.132000104
LTU_PIPE0001,NOR_DEM01,[1000km],Pip,1.264246619
LTU_PIPE0001,SWE_DEM01,[1000km],Pip,1.03733429
LTU_PIPE0001,BGR_DEM01,[1000km],Pip,1.330002724
LTU_PIPE0001,EST_DEM01,[1000km],Pip,0.440893782
LTU_PIPE0001,ITA_DEM01,[1000km],Pip,1.657655761
LTU_PIPE0001,POL_DEM01,[1000km],Pip,0.51082238
LTU_PIPE0001,SVK_DEM01,[1000km],Pip,0.795517038
LTU_PIPE0001,SVN_DEM01,[1000km],Pip,1.228367211
ITA_PIPE0002,ROU_DEM01,[1000km],Pip,1.321527249
ITA_PIPE0002,ESP_DEM01,[1000km],Pip,1.58528385
ITA_PIPE0002,ESP_DEM01,[1000km],Pip,2.954856352
LTU_PIPE0001,PRT_DEM01,[1000km],Pip,3.050705207
ITA_PIPE0002,EST_DEM01,[1000km],Pip,2.539270954
ITA_PIPE0002,FIN_DEM01,[1000km],Pip,3.15600806
ITA_PIPE0002,LVA_DEM01,[1000km],Pip,2.339978489
ITA_PIPE0002,LTU_DEM01,[1000km],Pip,2.159082582
LTU_PIPE0001,GRC_DEM01,[1000km],Pip,1.752136299
LTU_PIPE0001,FRA_DEM01,[1000km],Pip,1.862212652
LTU_PIPE0001,CHE_DEM01,[1000km],Pip,1.510496312
LTU_PIPE0001,BEL_DEM01,[1000km],Pip,1.489632712
LTU_PIPE0001,IRL_DEM01,[1000km],Pip,2.210540914
LTU_PIPE0001,GBR_DEM01,[1000km],Pip,1.846730217
LTU_PIPE0001,MLT_DEM01,[1000km],Pip,2.265744898
LTU_PIPE0001,CYP_DEM01,[1000km],Pip,2.261268137
ITA_PIPE0002,AUT_DEM01,[1000km],Pip,1.170852477
ITA_PIPE0002,HRV_DEM01,[1000km],Pip,0.90625324
ITA_PIPE0002,CZE_DEM01,[1000km],Pip,1.412504901
ITA_PIPE0002,DNK_DEM01,[1000km],Pip,2.125981831
ITA_PIPE0002,BEL_DEM01,[1000km],Pip,1.692740931
ITA_PIPE0002,DEU_DEM01,[1000km],Pip,1.591550211
ITA_PIPE0002,LUX_DEM01,[1000km],Pip,1.558388758
ITA_PIPE0002,NLD_DEM01,[1000km],Pip,1.819447683
ITA_PIPE0002,SVN_DEM01,[1000km],Pip,1.008524753
ITA_PIPE0002,NOR_DEM01,[1000km],Pip,3.047481968
ITA_PIPE0002,SWE_DEM01,[1000km],Pip,2.867608222
ITA_PIPE0002,BGR_DEM01,[1000km],Pip,1.130083124
ITA_PIPE0002,HUN_DEM01,[1000km],Pip,1.200569351
ITA_PIPE0002,ITA_DEM01,[1000km],Pip,0.664699207
ITA_PIPE0002,POL_DEM01,[1000km],Pip,1.722599836
ITA_PIPE0002,SVK_DEM01,[1000km],Pip,1.362383361
POL_PIPE0003,PRT_DEM01,[1000km],Pip,2.765472295
POL_PIPE0003,IRL_DEM01,[1000km],Pip,2.220692036
POL_PIPE0003,GBR_DEM01,[1000km],Pip,1.874128227
POL_PIPE0003,MLT_DEM01,[1000km],Pip,1.716360727
POL_PIPE0002,LTU_DEM01,[1000km],Pip,0.257997031
POL_PIPE0002,ROU_DEM01,[1000km],Pip,0.801659624
POL_PIPE0002,ESP_DEM01,[1000km],Pip,2.497531947
POL_PIPE0002,ESP_DEM01,[1000km],Pip,4.236501087
POL_PIPE0003,BEL_DEM01,[1000km],Pip,1.353861682
POL_PIPE0003,DEU_DEM01,[1000km],Pip,0.950625208
POL_PIPE0003,LUX_DEM01,[1000km],Pip,1.261312298
POL_PIPE0003,NLD_DEM01,[1000km],Pip,1.290338383
POL_PIPE0003,CYP_DEM01,[1000km],Pip,1.815959483
POL_PIPE0003,GRC_DEM01,[1000km],Pip,1.194696223
POL_PIPE0003,FRA_DEM01,[1000km],Pip,1.603492526
POL_PIPE0003,CHE_DEM01,[1000km],Pip,1.188575416
POL_PIPE0002,DNK_DEM01,[1000km],Pip,0.95353346
POL_PIPE0002,HUN_DEM01,[1000km],Pip,0.725260836
POL_PIPE0002,ITA_DEM01,[1000km],Pip,1.435969146
POL_PIPE0002,POL_DEM01,[1000km],Pip,0.320530641
POL_PIPE0002,NLD_DEM01,[1000km],Pip,1.237787666
POL_PIPE0002,AUT_DEM01,[1000km],Pip,0.919016039
POL_PIPE0002,HRV_DEM01,[1000km],Pip,1.04010376
POL_PIPE0002,CZE_DEM01,[1000km],Pip,0.697717987
POL_PIPE0002,BGR_DEM01,[1000km],Pip,1.144699081
POL_PIPE0002,EST_DEM01,[1000km],Pip,0.637953006
POL_PIPE0002,FIN_DEM01,[1000km],Pip,1.286147383
POL_PIPE0002,LVA_DEM01,[1000km],Pip,0.432530561
POL_PIPE0002,SVK_DEM01,[1000km],Pip,0.570799145
POL_PIPE0002,SVN_DEM01,[1000km],Pip,1.007549081
POL_PIPE0002,NOR_DEM01,[1000km],Pip,1.390549598
POL_PIPE0002,SWE_DEM01,[1000km],Pip,1.166467211
POL_PIPE0001,ESP_DEM01,[1000km],Pip,4.17436244
POL_PIPE0002,PRT_DEM01,[1000km],Pip,2.874890356
POL_PIPE0002,IRL_DEM01,[1000km],Pip,2.128734436
POL_PIPE0002,GBR_DEM01,[1000km],Pip,1.768084947
POL_PIPE0001,LVA_DEM01,[1000km],Pip,0.509589382
POL_PIPE0001,LTU_DEM01,[1000km],Pip,0.331944871
POL_PIPE0001,ROU_DEM01,[1000km],Pip,0.735037161
POL_PIPE0001,ESP_DEM01,[1000km],Pip,2.436834462
POL_PIPE0002,CHE_DEM01,[1000km],Pip,1.316205007
POL_PIPE0002,BEL_DEM01,[1000km],Pip,1.347577357
POL_PIPE0002,DEU_DEM01,[1000km],Pip,0.948611834
POL_PIPE0002,LUX_DEM01,[1000km],Pip,1.287229445
POL_PIPE0002,MLT_DEM01,[1000km],Pip,2.042378311
POL_PIPE0002,CYP_DEM01,[1000km],Pip,2.127993264
POL_PIPE0002,GRC_DEM01,[1000km],Pip,1.552148059
POL_PIPE0002,FRA_DEM01,[1000km],Pip,1.687711842
POL_PIPE0001,CZE_DEM01,[1000km],Pip,0.633994173
POL_PIPE0001,DNK_DEM01,[1000km],Pip,0.955767733
POL_PIPE0001,HUN_DEM01,[1000km],Pip,0.644888518
POL_PIPE0001,ITA_DEM01,[1000km],Pip,1.358853324
POL_PIPE0001,LUX_DEM01,[1000km],Pip,1.242159039
POL_PIPE0001,NLD_DEM01,[1000km],Pip,1.208501501
POL_PIPE0001,AUT_DEM01,[1000km],Pip,0.847776739
POL_PIPE0001,HRV_DEM01,[1000km],Pip,0.960581016
POL_PIPE0001,SWE_DEM01,[1000km],Pip,1.224880898
POL_PIPE0001,BGR_DEM01,[1000km],Pip,1.077294623
POL_PIPE0001,EST_DEM01,[1000km],Pip,0.714898406
POL_PIPE0001,FIN_DEM01,[1000km],Pip,1.361362296
POL_PIPE0001,POL_DEM01,[1000km],Pip,0.272487733
POL_PIPE0001,SVK_DEM01,[1000km],Pip,0.49134753
POL_PIPE0001,SVN_DEM01,[1000km],Pip,0.931248853
POL_PIPE0001,NOR_DEM01,[1000km],Pip,1.447200325
GRC_PIPE0001,FIN_DEM01,[1000km],Pip,2.618355168
GRC_PIPE0001,LVA_DEM01,[1000km],Pip,1.769552858
GRC_PIPE0001,LTU_DEM01,[1000km],Pip,1.60708636
GRC_PIPE0001,ROU_DEM01,[1000km],Pip,0.552131231
GRC_PIPE0001,NOR_DEM01,[1000km],Pip,2.728806333
GRC_PIPE0001,SWE_DEM01,[1000km],Pip,2.50916108
GRC_PIPE0001,BGR_DEM01,[1000km],Pip,0.218044941
GRC_PIPE0001,EST_DEM01,[1000km],Pip,1.969847881
HUN_PIPE0001,GBR_DEM01,[1000km],Pip,1.885048895
HUN_PIPE0001,MLT_DEM01,[1000km],Pip,1.520301427
HUN_PIPE0001,CYP_DEM01,[1000km],Pip,1.707287455
HUN_PIPE0001,GRC_DEM01,[1000km],Pip,1.014970022
GRC_PIPE0001,ESP_DEM01,[1000km],Pip,2.507906889
GRC_PIPE0001,ESP_DEM01,[1000km],Pip,4.050525318
HUN_PIPE0001,PRT_DEM01,[1000km],Pip,2.652312765
HUN_PIPE0001,IRL_DEM01,[1000km],Pip,2.219083354
GRC_PIPE0001,DEU_DEM01,[1000km],Pip,1.662823511
GRC_PIPE0001,LUX_DEM01,[1000km],Pip,1.852563248
GRC_PIPE0001,NLD_DEM01,[1000km],Pip,2.008735167
GRC_PIPE0001,AUT_DEM01,[1000km],Pip,1.216153895
GRC_PIPE0001,GRC_DEM01,[1000km],Pip,0.35528161
GRC_PIPE0001,FRA_DEM01,[1000km],Pip,2.002184399
GRC_PIPE0001,CHE_DEM01,[1000km],Pip,1.585493112
GRC_PIPE0001,BEL_DEM01,[1000km],Pip,1.985115776
GRC_PIPE0001,ITA_DEM01,[1000km],Pip,1.197332226
GRC_PIPE0001,POL_DEM01,[1000km],Pip,1.346819788
GRC_PIPE0001,SVK_DEM01,[1000km],Pip,1.013781392
GRC_PIPE0001,SVN_DEM01,[1000km],Pip,1.088608842
GRC_PIPE0001,HRV_DEM01,[1000km],Pip,0.924443735
GRC_PIPE0001,CZE_DEM01,[1000km],Pip,1.296992221
GRC_PIPE0001,DNK_DEM01,[1000km],Pip,2.044520964
GRC_PIPE0001,HUN_DEM01,[1000km],Pip,0.881868654
GBR_PIPE0002,EST_DEM01,[1000km],Pip,1.662437072
GBR_PIPE0002,FIN_DEM01,[1000km],Pip,1.901724175
GBR_PIPE0002,LVA_DEM01,[1000km],Pip,1.607729054
GBR_PIPE0002,LTU_DEM01,[1000km],Pip,1.544352379
GBR_PIPE0002,SVN_DEM01,[1000km],Pip,1.34409217
GBR_PIPE0002,NOR_DEM01,[1000km],Pip,1.437976835
GBR_PIPE0002,SWE_DEM01,[1000km],Pip,1.402324575
GBR_PIPE0002,BGR_DEM01,[1000km],Pip,2.206726849
GRC_PIPE0001,IRL_DEM01,[1000km],Pip,2.909155494
GRC_PIPE0001,GBR_DEM01,[1000km],Pip,2.612112725
GRC_PIPE0001,MLT_DEM01,[1000km],Pip,1.178056365
GRC_PIPE0001,CYP_DEM01,[1000km],Pip,0.894486358
GBR_PIPE0002,ROU_DEM01,[1000km],Pip,1.976563418
GBR_PIPE0002,ESP_DEM01,[1000km],Pip,1.500252546
GBR_PIPE0002,ESP_DEM01,[1000km],Pip,3.093852227
GRC_PIPE0001,PRT_DEM01,[1000km],Pip,2.949411923
GBR_PIPE0002,BEL_DEM01,[1000km],Pip,0.457063117
GBR_PIPE0002,DEU_DEM01,[1000km],Pip,0.75399886
GBR_PIPE0002,LUX_DEM01,[1000km],Pip,0.597023332
GBR_PIPE0002,NLD_DEM01,[1000km],Pip,0.400862357
GBR_PIPE0002,CYP_DEM01,[1000km],Pip,3.302706347
GBR_PIPE0002,GRC_DEM01,[1000km],Pip,2.371668268
GBR_PIPE0002,FRA_DEM01,[1000km],Pip,0.807493925
GBR_PIPE0002,CHE_DEM01,[1000km],Pip,0.955903867
GBR_PIPE0002,HUN_DEM01,[1000km],Pip,1.542849932
GBR_PIPE0002,ITA_DEM01,[1000km],Pip,1.494554409
GBR_PIPE0002,POL_DEM01,[1000km],Pip,1.304787701
GBR_PIPE0002,SVK_DEM01,[1000km],Pip,1.456263677
GBR_PIPE0002,AUT_DEM01,[1000km],Pip,1.196287918
GBR_PIPE0002,HRV_DEM01,[1000km],Pip,1.515863683
GBR_PIPE0002,CZE_DEM01,[1000km],Pip,1.135791039
GBR_PIPE0002,DNK_DEM01,[1000km],Pip,0.687270988
ITA_PIPE0001,LTU_DEM01,[1000km],Pip,2.141935562
ITA_PIPE0001,ROU_DEM01,[1000km],Pip,1.370411705
ITA_PIPE0001,ESP_DEM01,[1000km],Pip,1.423734229
ITA_PIPE0001,ESP_DEM01,[1000km],Pip,2.823412264
ITA_PIPE0001,BGR_DEM01,[1000km],Pip,1.214056961
ITA_PIPE0001,EST_DEM01,[1000km],Pip,2.517019401
ITA_PIPE0001,FIN_DEM01,[1000km],Pip,3.120578255
ITA_PIPE0001,LVA_DEM01,[1000km],Pip,2.321576989
ITA_PIPE0002,CYP_DEM01,[1000km],Pip,1.719306655
ITA_PIPE0002,GRC_DEM01,[1000km],Pip,0.794451889
ITA_PIPE0002,FRA_DEM01,[1000km],Pip,1.433635377
ITA_PIPE0002,CHE_DEM01,[1000km],Pip,1.192106928
ITA_PIPE0002,PRT_DEM01,[1000km],Pip,2.010847326
ITA_PIPE0002,IRL_DEM01,[1000km],Pip,2.494021567
ITA_PIPE0002,GBR_DEM01,[1000km],Pip,2.311749412
ITA_PIPE0002,MLT_DEM01,[1000km],Pip,0.129889471
ITA_PIPE0001,NLD_DEM01,[1000km],Pip,1.710511431
ITA_PIPE0001,AUT_DEM01,[1000km],Pip,1.111087086
ITA_PIPE0001,HRV_DEM01,[1000km],Pip,0.880948265
ITA_PIPE0001,CZE_DEM01,[1000km],Pip,1.360804285
ITA_PIPE0001,CHE_DEM01,[1000km],Pip,1.077548193
ITA_PIPE0001,BEL_DEM01,[1000km],Pip,1.574329156
ITA_PIPE0001,DEU_DEM01,[1000km],Pip,1.504798784
ITA_PIPE0001,LUX_DEM01,[1000km],Pip,1.443334446
ITA_PIPE0001,SVK_DEM01,[1000km],Pip,1.348351162
ITA_PIPE0001,SVN_DEM01,[1000km],Pip,0.958484466
ITA_PIPE0001,NOR_DEM01,[1000km],Pip,2.982209007
ITA_PIPE0001,SWE_DEM01,[1000km],Pip,2.809955584
ITA_PIPE0001,DNK_DEM01,[1000km],Pip,2.04418906
ITA_PIPE0001,HUN_DEM01,[1000km],Pip,1.195111171
ITA_PIPE0001,ITA_DEM01,[1000km],Pip,0.57253965
ITA_PIPE0001,POL_DEM01,[1000km],Pip,1.693543708
HUN_PIPE0001,LVA_DEM01,[1000km],Pip,0.977030313
HUN_PIPE0001,LTU_DEM01,[1000km],Pip,0.799637175
HUN_PIPE0001,ROU_DEM01,[1000km],Pip,0.320698177
HUN_PIPE0001,ESP_DEM01,[1000km],Pip,2.237406008
HUN_PIPE0001,SWE_DEM01,[1000km],Pip,1.663576477
HUN_PIPE0001,BGR_DEM01,[1000km],Pip,0.639977621
HUN_PIPE0001,EST_DEM01,[1000km],Pip,1.182440579
HUN_PIPE0001,FIN_DEM01,[1000km],Pip,1.828994382
ITA_PIPE0001,MLT_DEM01,[1000km],Pip,0.255849905
ITA_PIPE0001,CYP_DEM01,[1000km],Pip,1.869876925
ITA_PIPE0001,GRC_DEM01,[1000km],Pip,0.91859021
ITA_PIPE0001,FRA_DEM01,[1000km],Pip,1.289963906
HUN_PIPE0001,ESP_DEM01,[1000km],Pip,3.943775526
ITA_PIPE0001,PRT_DEM01,[1000km],Pip,1.850875597
ITA_PIPE0001,IRL_DEM01,[1000km],Pip,2.352068949
ITA_PIPE0001,GBR_DEM01,[1000km],Pip,2.182196674
HUN_PIPE0001,LUX_DEM01,[1000km],Pip,1.213734097
HUN_PIPE0001,NLD_DEM01,[1000km],Pip,1.285119264
HUN_PIPE0001,AUT_DEM01,[1000km],Pip,0.630785099
HUN_PIPE0001,HRV_DEM01,[1000km],Pip,0.584605422
HUN_PIPE0001,FRA_DEM01,[1000km],Pip,1.515289097
HUN_PIPE0001,CHE_DEM01,[1000km],Pip,1.086718774
HUN_PIPE0001,BEL_DEM01,[1000km],Pip,1.321119174
HUN_PIPE0001,DEU_DEM01,[1000km],Pip,0.932945461
HUN_PIPE0001,POL_DEM01,[1000km],Pip,0.490571012
HUN_PIPE0001,SVK_DEM01,[1000km],Pip,0.231889891
HUN_PIPE0001,SVN_DEM01,[1000km],Pip,0.6278188
HUN_PIPE0001,NOR_DEM01,[1000km],Pip,1.879396826
HUN_PIPE0001,CZE_DEM01,[1000km],Pip,0.553709683
HUN_PIPE0001,DNK_DEM01,[1000km],Pip,1.212697443
HUN_PIPE0001,HUN_DEM01,[1000km],Pip,0.260723756
HUN_PIPE0001,ITA_DEM01,[1000km],Pip,1.012936439
FIN_PIPE0001,NOR_DEM01,[1000km],Pip,0.830546526
FIN_PIPE0001,SWE_DEM01,[1000km],Pip,0.654743342
FIN_PIPE0001,BGR_DEM01,[1000km],Pip,2.061789953
FIN_PIPE0001,EST_DEM01,[1000km],Pip,0.331686084
FIN_PIPE0001,ITA_DEM01,[1000km],Pip,2.328491543
FIN_PIPE0001,POL_DEM01,[1000km],Pip,1.156903876
FIN_PIPE0001,SVK_DEM01,[1000km],Pip,1.505772559
FIN_PIPE0001,SVN_DEM01,[1000km],Pip,1.902356707
FIN_PIPE0001,ESP_DEM01,[1000km],Pip,3.182327736
FIN_PIPE0001,ESP_DEM01,[1000km],Pip,4.901119239
FRA_PIPE0001,PRT_DEM01,[1000km],Pip,1.521542603
FRA_PIPE0001,IRL_DEM01,[1000km],Pip,0.747078354
FIN_PIPE0001,FIN_DEM01,[1000km],Pip,0.392395235
FIN_PIPE0001,LVA_DEM01,[1000km],Pip,0.528252551
FIN_PIPE0001,LTU_DEM01,[1000km],Pip,0.709376818
FIN_PIPE0001,ROU_DEM01,[1000km],Pip,1.72345574
FIN_PIPE0001,GRC_DEM01,[1000km],Pip,2.490771516
FIN_PIPE0001,FRA_DEM01,[1000km],Pip,2.339934861
FIN_PIPE0001,CHE_DEM01,[1000km],Pip,2.072314646
FIN_PIPE0001,BEL_DEM01,[1000km],Pip,1.890660914
FIN_PIPE0001,IRL_DEM01,[1000km],Pip,2.364532061
FIN_PIPE0001,GBR_DEM01,[1000km],Pip,2.019630637
FIN_PIPE0001,MLT_DEM01,[1000km],Pip,2.988029513
FIN_PIPE0001,CYP_DEM01,[1000km],Pip,2.922038484
FIN_PIPE0001,HRV_DEM01,[1000km],Pip,1.967599201
FIN_PIPE0001,CZE_DEM01,[1000km],Pip,1.5231699
FIN_PIPE0001,DNK_DEM01,[1000km],Pip,1.227958936
FIN_PIPE0001,HUN_DEM01,[1000km],Pip,1.670086084
FIN_PIPE0001,DEU_DEM01,[1000km],Pip,1.589477695
FIN_PIPE0001,LUX_DEM01,[1000km],Pip,1.897192571
FIN_PIPE0001,NLD_DEM01,[1000km],Pip,1.716902901
FIN_PIPE0001,AUT_DEM01,[1000km],Pip,1.776079843
EST_PIPE0002,SVN_DEM01,[1000km],Pip,1.721642325
EST_PIPE0002,NOR_DEM01,[1000km],Pip,0.928044769
EST_PIPE0002,SWE_DEM01,[1000km],Pip,0.723376874
EST_PIPE0002,BGR_DEM01,[1000km],Pip,1.859807805
EST_PIPE0002,HUN_DEM01,[1000km],Pip,1.476712228
EST_PIPE0002,ITA_DEM01,[1000km],Pip,2.149937447
EST_PIPE0002,POL_DEM01,[1000km],Pip,0.976137011
EST_PIPE0002,SVK_DEM01,[1000km],Pip,1.314601838
EST_PIPE0002,ROU_DEM01,[1000km],Pip,1.521425861
EST_PIPE0002,ESP_DEM01,[1000km],Pip,3.052737228
EST_PIPE0002,ESP_DEM01,[1000km],Pip,4.78182136
FIN_PIPE0001,PRT_DEM01,[1000km],Pip,3.49371407
EST_PIPE0002,EST_DEM01,[1000km],Pip,0.171344807
EST_PIPE0002,FIN_DEM01,[1000km],Pip,0.579375648
EST_PIPE0002,LVA_DEM01,[1000km],Pip,0.339907795
EST_PIPE0002,LTU_DEM01,[1000km],Pip,0.51862187
EST_PIPE0002,CYP_DEM01,[1000km],Pip,2.730278268
EST_PIPE0002,GRC_DEM01,[1000km],Pip,2.288931746
EST_PIPE0002,FRA_DEM01,[1000km],Pip,2.211071137
EST_PIPE0002,CHE_DEM01,[1000km],Pip,1.920319219
EST_PIPE0002,PRT_DEM01,[1000km],Pip,3.379821566
EST_PIPE0002,IRL_DEM01,[1000km],Pip,2.320753327
EST_PIPE0002,GBR_DEM01,[1000km],Pip,1.966590434
EST_PIPE0002,MLT_DEM01,[1000km],Pip,2.795287662
EST_PIPE0002,AUT_DEM01,[1000km],Pip,1.602055538
EST_PIPE0002,HRV_DEM01,[1000km],Pip,1.779616385
EST_PIPE0002,CZE_DEM01,[1000km],Pip,1.351863773
EST_PIPE0002,DNK_DEM01,[1000km],Pip,1.142655853
EST_PIPE0002,BEL_DEM01,[1000km],Pip,1.77670356
EST_PIPE0002,DEU_DEM01,[1000km],Pip,1.450876113
EST_PIPE0002,LUX_DEM01,[1000km],Pip,1.770622547
EST_PIPE0002,NLD_DEM01,[1000km],Pip,1.611309734
GBR_PIPE0001,BGR_DEM01,[1000km],Pip,2.510590281
GBR_PIPE0001,EST_DEM01,[1000km],Pip,1.606537417
GBR_PIPE0001,FIN_DEM01,[1000km],Pip,1.685140488
GBR_PIPE0001,LVA_DEM01,[1000km],Pip,1.609232553
GBR_PIPE0001,SVK_DEM01,[1000km],Pip,1.72346769
GBR_PIPE0001,SVN_DEM01,[1000km],Pip,1.705797902
GBR_PIPE0001,NOR_DEM01,[1000km],Pip,1.147609623
GBR_PIPE0001,SWE_DEM01,[1000km],Pip,1.178064757
GBR_PIPE0002,PRT_DEM01,[1000km],Pip,1.694887441
GBR_PIPE0002,IRL_DEM01,[1000km],Pip,0.552157741
GBR_PIPE0002,GBR_DEM01,[1000km],Pip,0.205847985
GBR_PIPE0002,MLT_DEM01,[1000km],Pip,2.266724774
GBR_PIPE0001,LTU_DEM01,[1000km],Pip,1.596737315
GBR_PIPE0001,ROU_DEM01,[1000km],Pip,2.242527717
GBR_PIPE0001,ESP_DEM01,[1000km],Pip,1.914748708
GBR_PIPE0001,ESP_DEM01,[1000km],Pip,3.422733561
GBR_PIPE0001,CHE_DEM01,[1000km],Pip,1.378740393
GBR_PIPE0001,BEL_DEM01,[1000km],Pip,0.879638194
GBR_PIPE0001,DEU_DEM01,[1000km],Pip,1.069934114
GBR_PIPE0001,LUX_DEM01,[1000km],Pip,1.012385427
GBR_PIPE0001,MLT_DEM01,[1000km],Pip,2.69617261
GBR_PIPE0001,CYP_DEM01,[1000km],Pip,3.610865679
GBR_PIPE0001,GRC_DEM01,[1000km],Pip,2.728472796
GBR_PIPE0001,FRA_DEM01,[1000km],Pip,1.260227836
GBR_PIPE0001,DNK_DEM01,[1000km],Pip,0.747728807
GBR_PIPE0001,HUN_DEM01,[1000km],Pip,1.8401859
GBR_PIPE0001,ITA_DEM01,[1000km],Pip,1.911995601
GBR_PIPE0001,POL_DEM01,[1000km],Pip,1.485145209
GBR_PIPE0001,NLD_DEM01,[1000km],Pip,0.760565151
GBR_PIPE0001,AUT_DEM01,[1000km],Pip,1.543748487
GBR_PIPE0001,HRV_DEM01,[1000km],Pip,1.874734152
GBR_PIPE0001,CZE_DEM01,[1000km],Pip,1.424689908
FRA_PIPE0001,SWE_DEM01,[1000km],Pip,1.572833493
FRA_PIPE0001,BGR_DEM01,[1000km],Pip,1.970077603
FRA_PIPE0001,EST_DEM01,[1000km],Pip,1.710291268
FRA_PIPE0001,FIN_DEM01,[1000km],Pip,2.049359647
FRA_PIPE0001,POL_DEM01,[1000km],Pip,1.196054306
FRA_PIPE0001,SVK_DEM01,[1000km],Pip,1.266915431
FRA_PIPE0001,SVN_DEM01,[1000km],Pip,1.078073402
FRA_PIPE0001,NOR_DEM01,[1000km],Pip,1.647046671
FRA_PIPE0001,ESP_DEM01,[1000km],Pip,2.932096552
GBR_PIPE0001,PRT_DEM01,[1000km],Pip,2.056059963
GBR_PIPE0001,IRL_DEM01,[1000km],Pip,0.631023678
GBR_PIPE0001,GBR_DEM01,[1000km],Pip,0.385593115
FRA_PIPE0001,LVA_DEM01,[1000km],Pip,1.617651369
FRA_PIPE0001,LTU_DEM01,[1000km],Pip,1.520495117
FRA_PIPE0001,ROU_DEM01,[1000km],Pip,1.772631394
FRA_PIPE0001,ESP_DEM01,[1000km],Pip,1.262851349
FRA_PIPE0001,FRA_DEM01,[1000km],Pip,0.497628127
FRA_PIPE0001,CHE_DEM01,[1000km],Pip,0.645563078
FRA_PIPE0001,BEL_DEM01,[1000km],Pip,0.179261962
FRA_PIPE0001,DEU_DEM01,[1000km],Pip,0.574436918
FRA_PIPE0001,GBR_DEM01,[1000km],Pip,0.48935787
FRA_PIPE0001,MLT_DEM01,[1000km],Pip,1.946717666
FRA_PIPE0001,CYP_DEM01,[1000km],Pip,3.053312782
FRA_PIPE0001,GRC_DEM01,[1000km],Pip,2.095227411
FRA_PIPE0001,CZE_DEM01,[1000km],Pip,0.944381254
FRA_PIPE0001,DNK_DEM01,[1000km],Pip,0.755784207
FRA_PIPE0001,HUN_DEM01,[1000km],Pip,1.325199931
FRA_PIPE0001,ITA_DEM01,[1000km],Pip,1.183048166
FRA_PIPE0001,LUX_DEM01,[1000km],Pip,0.310314795
FRA_PIPE0001,NLD_DEM01,[1000km],Pip,0.272057312
FRA_PIPE0001,AUT_DEM01,[1000km],Pip,0.947677118
FRA_PIPE0001,HRV_DEM01,[1000km],Pip,1.248270635
ESP_PIPE0001,ITA_DEM01,[1000km],Pip,1.400879954
ESP_PIPE0001,POL_DEM01,[1000km],Pip,2.413214233
ESP_PIPE0001,SVK_DEM01,[1000km],Pip,2.212863352
ESP_PIPE0001,SVN_DEM01,[1000km],Pip,1.765066086
ESP_PIPE0001,HRV_DEM01,[1000km],Pip,1.821165274
ESP_PIPE0001,CZE_DEM01,[1000km],Pip,2.025311062
ESP_PIPE0001,DNK_DEM01,[1000km],Pip,2.331010596
ESP_PIPE0001,HUN_DEM01,[1000km],Pip,2.12995462
ESP_PIPE0001,FIN_DEM01,[1000km],Pip,3.624244167
ESP_PIPE0001,LVA_DEM01,[1000km],Pip,3.01434075
ESP_PIPE0001,LTU_DEM01,[1000km],Pip,2.863207214
ESP_PIPE0001,ROU_DEM01,[1000km],Pip,2.482477308
ESP_PIPE0001,NOR_DEM01,[1000km],Pip,3.270968158
ESP_PIPE0001,SWE_DEM01,[1000km],Pip,3.17795715
ESP_PIPE0001,BGR_DEM01,[1000km],Pip,2.440689739
ESP_PIPE0001,EST_DEM01,[1000km],Pip,3.16501024
ESP_PIPE0001,IRL_DEM01,[1000km],Pip,1.882935935
ESP_PIPE0001,GBR_DEM01,[1000km],Pip,1.936663335
ESP_PIPE0001,MLT_DEM01,[1000km],Pip,1.504852202
ESP_PIPE0001,CYP_DEM01,[1000km],Pip,3.194641929
DEU_PIPE0005,ROU_DEM01,[1000km],Pip,1.529015467
DEU_PIPE0005,ESP_DEM01,[1000km],Pip,1.688163111
DEU_PIPE0005,ESP_DEM01,[1000km],Pip,3.384398404
ESP_PIPE0001,PRT_DEM01,[1000km],Pip,0.633857728
ESP_PIPE0001,DEU_DEM01,[1000km],Pip,1.888670117
ESP_PIPE0001,LUX_DEM01,[1000km],Pip,1.598137827
ESP_PIPE0001,NLD_DEM01,[1000km],Pip,1.832103413
ESP_PIPE0001,AUT_DEM01,[1000km],Pip,1.810047078
ESP_PIPE0001,GRC_DEM01,[1000km],Pip,2.22969419
ESP_PIPE0001,FRA_DEM01,[1000km],Pip,1.163672497
ESP_PIPE0001,CHE_DEM01,[1000km],Pip,1.417919782
ESP_PIPE0001,BEL_DEM01,[1000km],Pip,1.642386952
DEU_PIPE0005,HUN_DEM01,[1000km],Pip,1.11562459
DEU_PIPE0005,ITA_DEM01,[1000km],Pip,1.256132497
DEU_PIPE0005,POL_DEM01,[1000km],Pip,0.824254126
DEU_PIPE0005,SVK_DEM01,[1000km],Pip,1.006856398
DEU_PIPE0005,AUT_DEM01,[1000km],Pip,0.825459083
DEU_PIPE0005,HRV_DEM01,[1000km],Pip,1.157732923
DEU_PIPE0005,CZE_DEM01,[1000km],Pip,0.699900317
DEU_PIPE0005,DNK_DEM01,[1000km],Pip,0.307534515
DEU_PIPE0005,EST_DEM01,[1000km],Pip,1.251336871
DEU_PIPE0005,FIN_DEM01,[1000km],Pip,1.608614581
DEU_PIPE0005,LVA_DEM01,[1000km],Pip,1.165975773
DEU_PIPE0005,LTU_DEM01,[1000km],Pip,1.082151164
DEU_PIPE0005,SVN_DEM01,[1000km],Pip,0.992348822
DEU_PIPE0005,NOR_DEM01,[1000km],Pip,1.259750323
DEU_PIPE0005,SWE_DEM01,[1000km],Pip,1.152781695
DEU_PIPE0005,BGR_DEM01,[1000km],Pip,1.786334775
DEU_PIPE0005,PRT_DEM01,[1000km],Pip,1.974719368
DEU_PIPE0005,IRL_DEM01,[1000km],Pip,1.033503927
DEU_PIPE0005,GBR_DEM01,[1000km],Pip,0.678530788
DEU_PIPE0005,MLT_DEM01,[1000km],Pip,2.049290012
DEU_PIPE0004,LTU_DEM01,[1000km],Pip,0.672034282
DEU_PIPE0004,ROU_DEM01,[1000km],Pip,1.226585369
DEU_PIPE0004,ESP_DEM01,[1000km],Pip,1.995806254
DEU_PIPE0004,ESP_DEM01,[1000km],Pip,3.723340595
DEU_PIPE0005,BEL_DEM01,[1000km],Pip,0.384482212
DEU_PIPE0005,DEU_DEM01,[1000km],Pip,0.349460373
DEU_PIPE0005,LUX_DEM01,[1000km],Pip,0.442174939
DEU_PIPE0005,NLD_DEM01,[1000km],Pip,0.198415804
DEU_PIPE0005,CYP_DEM01,[1000km],Pip,2.887031732
DEU_PIPE0005,GRC_DEM01,[1000km],Pip,2.006397378
DEU_PIPE0005,FRA_DEM01,[1000km],Pip,0.861678444
DEU_PIPE0005,CHE_DEM01,[1000km],Pip,0.765065737
EST_PIPE0001,SVK_DEM01,[1000km],Pip,1.161779079
EST_PIPE0001,SVN_DEM01,[1000km],Pip,1.577344871
EST_PIPE0001,NOR_DEM01,[1000km],Pip,1.022733646
EST_PIPE0001,SWE_DEM01,[1000km],Pip,0.805231328
EST_PIPE0001,DNK_DEM01,[1000km],Pip,1.089658205
EST_PIPE0001,HUN_DEM01,[1000km],Pip,1.32168351
EST_PIPE0001,ITA_DEM01,[1000km],Pip,2.006755163
EST_PIPE0001,POL_DEM01,[1000km],Pip,0.83475375
EST_PIPE0001,LTU_DEM01,[1000km],Pip,0.371141415
EST_PIPE0001,ROU_DEM01,[1000km],Pip,1.35997715
EST_PIPE0001,ESP_DEM01,[1000km],Pip,2.94897409
EST_PIPE0001,ESP_DEM01,[1000km],Pip,4.684013386
EST_PIPE0001,BGR_DEM01,[1000km],Pip,1.698663346
EST_PIPE0001,EST_DEM01,[1000km],Pip,0.147206377
EST_PIPE0001,FIN_DEM01,[1000km],Pip,0.732809012
EST_PIPE0001,LVA_DEM01,[1000km],Pip,0.203665965
EST_PIPE0001,MLT_DEM01,[1000km],Pip,2.63997683
EST_PIPE0001,CYP_DEM01,[1000km],Pip,2.580542265
EST_PIPE0001,GRC_DEM01,[1000km],Pip,2.127381526
EST_PIPE0001,FRA_DEM01,[1000km],Pip,2.110264425
ESP_PIPE0002,ESP_DEM01,[1000km],Pip,1.266254788
EST_PIPE0001,PRT_DEM01,[1000km],Pip,3.288339444
EST_PIPE0001,IRL_DEM01,[1000km],Pip,2.29049841
EST_PIPE0001,GBR_DEM01,[1000km],Pip,1.930994572
EST_PIPE0001,NLD_DEM01,[1000km],Pip,1.534143081
EST_PIPE0001,AUT_DEM01,[1000km],Pip,1.464032728
EST_PIPE0001,HRV_DEM01,[1000km],Pip,1.62888266
EST_PIPE0001,CZE_DEM01,[1000km],Pip,1.217349389
EST_PIPE0001,CHE_DEM01,[1000km],Pip,1.800677393
EST_PIPE0001,BEL_DEM01,[1000km],Pip,1.690969121
EST_PIPE0001,DEU_DEM01,[1000km],Pip,1.345794979
EST_PIPE0001,LUX_DEM01,[1000km],Pip,1.673950465
ESP_PIPE0002,POL_DEM01,[1000km],Pip,2.665336521
ESP_PIPE0002,SVK_DEM01,[1000km],Pip,2.490645153
ESP_PIPE0002,SVN_DEM01,[1000km],Pip,2.050036139
ESP_PIPE0002,NOR_DEM01,[1000km],Pip,3.420859567
ESP_PIPE0002,CZE_DEM01,[1000km],Pip,2.281960646
ESP_PIPE0002,DNK_DEM01,[1000km],Pip,2.510330165
ESP_PIPE0002,HUN_DEM01,[1000km],Pip,2.418324786
ESP_PIPE0002,ITA_DEM01,[1000km],Pip,1.704803246
ESP_PIPE0002,LVA_DEM01,[1000km],Pip,3.248219865
ESP_PIPE0002,LTU_DEM01,[1000km],Pip,3.104961614
ESP_PIPE0002,ROU_DEM01,[1000km],Pip,2.785666072
ESP_PIPE0002,ESP_DEM01,[1000km],Pip,0.514742011
ESP_PIPE0002,SWE_DEM01,[1000km],Pip,3.346656825
ESP_PIPE0002,BGR_DEM01,[1000km],Pip,2.756295563
ESP_PIPE0002,EST_DEM01,[1000km],Pip,3.388052764
ESP_PIPE0002,FIN_DEM01,[1000km],Pip,3.811326431
ESP_PIPE0002,GBR_DEM01,[1000km],Pip,2.01620679
ESP_PIPE0002,MLT_DEM01,[1000km],Pip,1.824753029
ESP_PIPE0002,CYP_DEM01,[1000km],Pip,3.517647505
ESP_PIPE0002,GRC_DEM01,[1000km],Pip,2.552752338
ESP_PIPE0001,ESP_DEM01,[1000km],Pip,0.417998868
ESP_PIPE0001,ESP_DEM01,[1000km],Pip,1.560957503
ESP_PIPE0002,PRT_DEM01,[1000km],Pip,0.454030064
ESP_PIPE0002,IRL_DEM01,[1000km],Pip,1.903046391
ESP_PIPE0002,LUX_DEM01,[1000km],Pip,1.795952214
ESP_PIPE0002,NLD_DEM01,[1000km],Pip,2.005225364
ESP_PIPE0002,AUT_DEM01,[1000km],Pip,2.080364648
ESP_PIPE0002,HRV_DEM01,[1000km],Pip,2.11801159
ESP_PIPE0002,FRA_DEM01,[1000km],Pip,1.353099729
ESP_PIPE0002,CHE_DEM01,[1000km],Pip,1.664341975
ESP_PIPE0002,BEL_DEM01,[1000km],Pip,1.818917732
ESP_PIPE0002,DEU_DEM01,[1000km],Pip,2.107814185
DEU_PIPE0002,HRV_DEM01,[1000km],Pip,1.139840418
DEU_PIPE0002,CZE_DEM01,[1000km],Pip,0.692213363
DEU_PIPE0002,DNK_DEM01,[1000km],Pip,0.342891007
DEU_PIPE0002,HUN_DEM01,[1000km],Pip,1.107497184
DEU_PIPE0002,DEU_DEM01,[1000km],Pip,0.331999943
DEU_PIPE0002,LUX_DEM01,[1000km],Pip,0.406728237
DEU_PIPE0002,NLD_DEM01,[1000km],Pip,0.164301302
DEU_PIPE0002,AUT_DEM01,[1000km],Pip,0.807752319
DEU_PIPE0002,NOR_DEM01,[1000km],Pip,1.295455963
DEU_PIPE0002,SWE_DEM01,[1000km],Pip,1.188677775
DEU_PIPE0002,BGR_DEM01,[1000km],Pip,1.777998439
DEU_PIPE0002,EST_DEM01,[1000km],Pip,1.281028899
DEU_PIPE0002,ITA_DEM01,[1000km],Pip,1.228532868
DEU_PIPE0002,POL_DEM01,[1000km],Pip,0.833915992
DEU_PIPE0002,SVK_DEM01,[1000km],Pip,1.003256236
DEU_PIPE0002,SVN_DEM01,[1000km],Pip,0.973174771
DEU_PIPE0001,ROU_DEM01,[1000km],Pip,1.529015467
DEU_PIPE0001,ESP_DEM01,[1000km],Pip,1.688163111
DEU_PIPE0001,ESP_DEM01,[1000km],Pip,3.384398404
DEU_PIPE0002,PRT_DEM01,[1000km],Pip,1.941594232
DEU_PIPE0001,EST_DEM01,[1000km],Pip,1.251336871
DEU_PIPE0001,FIN_DEM01,[1000km],Pip,1.608614581
DEU_PIPE0001,LVA_DEM01,[1000km],Pip,1.165975773
DEU_PIPE0001,LTU_DEM01,[1000km],Pip,1.082151164
DEU_PIPE0002,GRC_DEM01,[1000km],Pip,1.990825357
DEU_PIPE0002,FRA_DEM01,[1000km],Pip,0.82583351
DEU_PIPE0002,CHE_DEM01,[1000km],Pip,0.733011049
DEU_PIPE0002,BEL_DEM01,[1000km],Pip,0.349003172
DEU_PIPE0002,IRL_DEM01,[1000km],Pip,1.022832314
DEU_PIPE0002,GBR_DEM01,[1000km],Pip,0.671537564
DEU_PIPE0002,MLT_DEM01,[1000km],Pip,2.021826679
DEU_PIPE0002,CYP_DEM01,[1000km],Pip,2.878663823
DEU_PIPE0001,AUT_DEM01,[1000km],Pip,0.825459083
DEU_PIPE0001,HRV_DEM01,[1000km],Pip,1.157732923
DEU_PIPE0001,CZE_DEM01,[1000km],Pip,0.699900317
DEU_PIPE0001,DNK_DEM01,[1000km],Pip,0.307534515
DEU_PIPE0001,BEL_DEM01,[1000km],Pip,0.384482212
DEU_PIPE0001,DEU_DEM01,[1000km],Pip,0.349460373
DEU_PIPE0001,LUX_DEM01,[1000km],Pip,0.442174939
DEU_PIPE0001,NLD_DEM01,[1000km],Pip,0.198415804
DEU_PIPE0001,SVN_DEM01,[1000km],Pip,0.992348822
DEU_PIPE0001,NOR_DEM01,[1000km],Pip,1.259750323
DEU_PIPE0001,SWE_DEM01,[1000km],Pip,1.152781695
DEU_PIPE0001,BGR_DEM01,[1000km],Pip,1.786334775
DEU_PIPE0001,HUN_DEM01,[1000km],Pip,1.11562459
DEU_PIPE0001,ITA_DEM01,[1000km],Pip,1.256132497
DEU_PIPE0001,POL_DEM01,[1000km],Pip,0.824254126
DEU_PIPE0001,SVK_DEM01,[1000km],Pip,1.006856398
BEL_PIPE0001,LTU_DEM01,[1000km],Pip,1.442383143
BEL_PIPE0001,ROU_DEM01,[1000km],Pip,1.709054681
BEL_PIPE0001,ESP_DEM01,[1000km],Pip,1.321395957
BEL_PIPE0001,ESP_DEM01,[1000km],Pip,3.001500546
BEL_PIPE0001,BGR_DEM01,[1000km],Pip,1.914194679
BEL_PIPE0001,EST_DEM01,[1000km],Pip,1.634577701
BEL_PIPE0001,FIN_DEM01,[1000km],Pip,1.983013983
BEL_PIPE0001,LVA_DEM01,[1000km],Pip,1.540221998
DEU_PIPE0001,CYP_DEM01,[1000km],Pip,2.887031732
DEU_PIPE0001,GRC_DEM01,[1000km],Pip,2.006397378
DEU_PIPE0001,FRA_DEM01,[1000km],Pip,0.861678444
DEU_PIPE0001,CHE_DEM01,[1000km],Pip,0.765065737
DEU_PIPE0001,PRT_DEM01,[1000km],Pip,1.974719368
DEU_PIPE0001,IRL_DEM01,[1000km],Pip,1.033503927
DEU_PIPE0001,GBR_DEM01,[1000km],Pip,0.678530788
DEU_PIPE0001,MLT_DEM01,[1000km],Pip,2.049290012
DEU_PIPE0004,DNK_DEM01,[1000km],Pip,0.306366236
DEU_PIPE0004,HUN_DEM01,[1000km],Pip,0.876495231
DEU_PIPE0004,ITA_DEM01,[1000km],Pip,1.268029558
DEU_PIPE0004,POL_DEM01,[1000km],Pip,0.445552404
DEU_PIPE0004,NLD_DEM01,[1000km],Pip,0.577678319
DEU_PIPE0004,AUT_DEM01,[1000km],Pip,0.730357606
DEU_PIPE0004,HRV_DEM01,[1000km],Pip,1.031312169
DEU_PIPE0004,CZE_DEM01,[1000km],Pip,0.503907364
DEU_PIPE0004,BGR_DEM01,[1000km],Pip,1.524495553
DEU_PIPE0004,EST_DEM01,[1000km],Pip,0.887222443
DEU_PIPE0004,FIN_DEM01,[1000km],Pip,1.35268029
DEU_PIPE0004,LVA_DEM01,[1000km],Pip,0.772317352
DEU_PIPE0004,SVK_DEM01,[1000km],Pip,0.728511317
DEU_PIPE0004,SVN_DEM01,[1000km],Pip,0.896790398
DEU_PIPE0004,NOR_DEM01,[1000km],Pip,1.147340941
DEU_PIPE0004,SWE_DEM01,[1000km],Pip,0.978638735
DEU_PIPE0003,ESP_DEM01,[1000km],Pip,3.723340595
DEU_PIPE0004,PRT_DEM01,[1000km],Pip,2.323236256
DEU_PIPE0004,IRL_DEM01,[1000km],Pip,1.439768635
DEU_PIPE0004,GBR_DEM01,[1000km],Pip,1.078892367
DEU_PIPE0003,LVA_DEM01,[1000km],Pip,0.772317352
DEU_PIPE0003,LTU_DEM01,[1000km],Pip,0.672034282
DEU_PIPE0003,ROU_DEM01,[1000km],Pip,1.226585369
DEU_PIPE0003,ESP_DEM01,[1000km],Pip,1.995806254
DEU_PIPE0004,CHE_DEM01,[1000km],Pip,0.902843657
DEU_PIPE0004,BEL_DEM01,[1000km],Pip,0.725123758
DEU_PIPE0004,DEU_DEM01,[1000km],Pip,0.40433097
DEU_PIPE0004,LUX_DEM01,[1000km],Pip,0.712132408
DEU_PIPE0004,MLT_DEM01,[1000km],Pip,2.03024795
DEU_PIPE0004,CYP_DEM01,[1000km],Pip,2.611644079
DEU_PIPE0004,GRC_DEM01,[1000km],Pip,1.81814053
DEU_PIPE0004,FRA_DEM01,[1000km],Pip,1.15344906
DEU_PIPE0003,CZE_DEM01,[1000km],Pip,0.503907364
DEU_PIPE0003,DNK_DEM01,[1000km],Pip,0.306366236
DEU_PIPE0003,HUN_DEM01,[1000km],Pip,0.876495231
DEU_PIPE0003,ITA_DEM01,[1000km],Pip,1.268029558
DEU_PIPE0003,LUX_DEM01,[1000km],Pip,0.712132408
DEU_PIPE0003,NLD_DEM01,[1000km],Pip,0.577678319
DEU_PIPE0003,AUT_DEM01,[1000km],Pip,0.730357606
DEU_PIPE0003,HRV_DEM01,[1000km],Pip,1.031312169
DEU_PIPE0003,SWE_DEM01,[1000km],Pip,0.978638735
DEU_PIPE0003,BGR_DEM01,[1000km],Pip,1.524495553
DEU_PIPE0003,EST_DEM01,[1000km],Pip,0.887222443
DEU_PIPE0003,FIN_DEM01,[1000km],Pip,1.35268029
DEU_PIPE0003,POL_DEM01,[1000km],Pip,0.445552404
DEU_PIPE0003,SVK_DEM01,[1000km],Pip,0.728511317
DEU_PIPE0003,SVN_DEM01,[1000km],Pip,0.896790398
DEU_PIPE0003,NOR_DEM01,[1000km],Pip,1.147340941
DEU_PIPE0002,ESP_DEM01,[1000km],Pip,1.653014301
DEU_PIPE0002,ESP_DEM01,[1000km],Pip,3.350982213
DEU_PIPE0003,PRT_DEM01,[1000km],Pip,2.323236256
DEU_PIPE0003,IRL_DEM01,[1000km],Pip,1.439768635
DEU_PIPE0002,FIN_DEM01,[1000km],Pip,1.64372374
DEU_PIPE0002,LVA_DEM01,[1000km],Pip,1.192225543
DEU_PIPE0002,LTU_DEM01,[1000km],Pip,1.104677062
DEU_PIPE0002,ROU_DEM01,[1000km],Pip,1.525673087
DEU_PIPE0003,FRA_DEM01,[1000km],Pip,1.15344906
DEU_PIPE0003,CHE_DEM01,[1000km],Pip,0.902843657
DEU_PIPE0003,BEL_DEM01,[1000km],Pip,0.725123758
DEU_PIPE0003,DEU_DEM01,[1000km],Pip,0.40433097
DEU_PIPE0003,GBR_DEM01,[1000km],Pip,1.078892367
DEU_PIPE0003,MLT_DEM01,[1000km],Pip,2.03024795
DEU_PIPE0003,CYP_DEM01,[1000km],Pip,2.611644079
DEU_PIPE0003,GRC_DEM01,[1000km],Pip,1.81814053
POL_LH2R0001,DEU_DEM01,[1000km],Pip,0.409043464
POL_LH2R0001,LUX_DEM01,[1000km],Pip,0.728581349
POL_LH2R0001,NLD_DEM01,[1000km],Pip,0.61038996
POL_LH2R0001,AUT_DEM01,[1000km],Pip,0.702726148
POL_LH2R0001,GRC_DEM01,[1000km],Pip,1.775632926
POL_LH2R0001,FRA_DEM01,[1000km],Pip,1.167348127
POL_LH2R0001,CHE_DEM01,[1000km],Pip,0.899741097
POL_LH2R0001,BEL_DEM01,[1000km],Pip,0.750237805
POL_LH2R0001,ITA_DEM01,[1000km],Pip,1.246542427
POL_LH2R0001,POL_DEM01,[1000km],Pip,0.395930401
POL_LH2R0001,SVK_DEM01,[1000km],Pip,0.682389153
POL_LH2R0001,SVN_DEM01,[1000km],Pip,0.866817154
POL_LH2R0001,HRV_DEM01,[1000km],Pip,0.996927979
POL_LH2R0001,CZE_DEM01,[1000km],Pip,0.469096896
POL_LH2R0001,DNK_DEM01,[1000km],Pip,0.355480093
POL_LH2R0001,HUN_DEM01,[1000km],Pip,0.832692045
NLD_LH2R0001,EST_DEM01,[1000km],Pip,1.543586039
NLD_LH2R0001,FIN_DEM01,[1000km],Pip,1.890081354
NLD_LH2R0001,LVA_DEM01,[1000km],Pip,1.452381582
NLD_LH2R0001,LTU_DEM01,[1000km],Pip,1.358425861
NLD_LH2R0001,SVN_DEM01,[1000km],Pip,1.019086972
NLD_LH2R0001,NOR_DEM01,[1000km],Pip,1.504867772
NLD_LH2R0001,SWE_DEM01,[1000km],Pip,1.419896747
NLD_LH2R0001,BGR_DEM01,[1000km],Pip,1.887981775
POL_LH2R0001,IRL_DEM01,[1000km],Pip,1.483945759
POL_LH2R0001,GBR_DEM01,[1000km],Pip,1.123950205
POL_LH2R0001,MLT_DEM01,[1000km],Pip,2.002443291
POL_LH2R0001,CYP_DEM01,[1000km],Pip,2.563349236
NLD_LH2R0001,ROU_DEM01,[1000km],Pip,1.669515309
NLD_LH2R0001,ESP_DEM01,[1000km],Pip,1.412452931
NLD_LH2R0001,ESP_DEM01,[1000km],Pip,3.094843447
POL_LH2R0001,PRT_DEM01,[1000km],Pip,2.34272065
NLD_LH2R0001,BEL_DEM01,[1000km],Pip,0.153872586
NLD_LH2R0001,DEU_DEM01,[1000km],Pip,0.449463653
NLD_LH2R0001,LUX_DEM01,[1000km],Pip,0.283462733
NLD_LH2R0001,NLD_DEM01,[1000km],Pip,0.110066076
NLD_LH2R0001,CYP_DEM01,[1000km],Pip,2.981342207
NLD_LH2R0001,GRC_DEM01,[1000km],Pip,2.046608575
NLD_LH2R0001,FRA_DEM01,[1000km],Pip,0.611542435
NLD_LH2R0001,CHE_DEM01,[1000km],Pip,0.649707933
NLD_LH2R0001,HUN_DEM01,[1000km],Pip,1.229056313
NLD_LH2R0001,ITA_DEM01,[1000km],Pip,1.184452537
NLD_LH2R0001,POL_DEM01,[1000km],Pip,1.050323904
NLD_LH2R0001,SVK_DEM01,[1000km],Pip,1.154167382
NLD_LH2R0001,AUT_DEM01,[1000km],Pip,0.872859986
NLD_LH2R0001,HRV_DEM01,[1000km],Pip,1.190863625
NLD_LH2R0001,CZE_DEM01,[1000km],Pip,0.830733575
NLD_LH2R0001,DNK_DEM01,[1000km],Pip,0.59228519
LTU_LH2R0001,BGR_DEM01,[1000km],Pip,1.464997871
LTU_LH2R0001,EST_DEM01,[1000km],Pip,0.427452667
LTU_LH2R0001,FIN_DEM01,[1000km],Pip,1.024188295
LTU_LH2R0001,LVA_DEM01,[1000km],Pip,0.269884572
LTU_LH2R0001,SVK_DEM01,[1000km],Pip,0.782173395
LTU_LH2R0001,SVN_DEM01,[1000km],Pip,1.14935955
LTU_LH2R0001,NOR_DEM01,[1000km],Pip,1.053028951
LTU_LH2R0001,SWE_DEM01,[1000km],Pip,0.832067355
NLD_LH2R0001,PRT_DEM01,[1000km],Pip,1.684495948
NLD_LH2R0001,IRL_DEM01,[1000km],Pip,0.83775572
NLD_LH2R0001,GBR_DEM01,[1000km],Pip,0.525616638
NLD_LH2R0001,MLT_DEM01,[1000km],Pip,1.967139358
LTU_LH2R0001,LTU_DEM01,[1000km],Pip,0.178232923
LTU_LH2R0001,ROU_DEM01,[1000km],Pip,1.125006534
LTU_LH2R0001,ESP_DEM01,[1000km],Pip,2.477638792
LTU_LH2R0001,ESP_DEM01,[1000km],Pip,4.213782952
BEL_PIPE0001,NLD_DEM01,[1000km],Pip,0.194544695
BEL_PIPE0001,AUT_DEM01,[1000km],Pip,0.893008634
BEL_PIPE0001,HRV_DEM01,[1000km],Pip,1.201061321
BEL_PIPE0001,CZE_DEM01,[1000km],Pip,0.876395224
BEL_PIPE0001,CHE_DEM01,[1000km],Pip,0.622093169
BEL_PIPE0001,BEL_DEM01,[1000km],Pip,0.126911138
BEL_PIPE0001,DEU_DEM01,[1000km],Pip,0.502110324
BEL_PIPE0001,LUX_DEM01,[1000km],Pip,0.267060334
BEL_PIPE0001,SVK_DEM01,[1000km],Pip,1.199702443
BEL_PIPE0001,SVN_DEM01,[1000km],Pip,1.029846303
BEL_PIPE0001,NOR_DEM01,[1000km],Pip,1.592531261
BEL_PIPE0001,SWE_DEM01,[1000km],Pip,1.511208368
BEL_PIPE0001,DNK_DEM01,[1000km],Pip,0.685626809
BEL_PIPE0001,HUN_DEM01,[1000km],Pip,1.263617212
BEL_PIPE0001,ITA_DEM01,[1000km],Pip,1.160775148
BEL_PIPE0001,POL_DEM01,[1000km],Pip,1.119786584
PRT_LH2R0001,LVA_DEM01,[1000km],Pip,3.196380924
PRT_LH2R0001,LTU_DEM01,[1000km],Pip,3.067883538
PRT_LH2R0001,ROU_DEM01,[1000km],Pip,2.883578095
PRT_LH2R0001,ESP_DEM01,[1000km],Pip,0.503208857
PRT_LH2R0001,SWE_DEM01,[1000km],Pip,3.201281655
PRT_LH2R0001,BGR_DEM01,[1000km],Pip,2.898860864
PRT_LH2R0001,EST_DEM01,[1000km],Pip,3.317495123
PRT_LH2R0001,FIN_DEM01,[1000km],Pip,3.685106061
BEL_PIPE0001,MLT_DEM01,[1000km],Pip,1.934405061
BEL_PIPE0001,CYP_DEM01,[1000km],Pip,3.00180434
BEL_PIPE0001,GRC_DEM01,[1000km],Pip,2.052598716
BEL_PIPE0001,FRA_DEM01,[1000km],Pip,0.531390328
PRT_LH2R0001,ESP_DEM01,[1000km],Pip,1.296596061
BEL_PIPE0001,PRT_DEM01,[1000km],Pip,1.591161934
BEL_PIPE0001,IRL_DEM01,[1000km],Pip,0.802046138
BEL_PIPE0001,GBR_DEM01,[1000km],Pip,0.518892149
PRT_LH2R0001,LUX_DEM01,[1000km],Pip,1.721145459
PRT_LH2R0001,NLD_DEM01,[1000km],Pip,1.890150927
PRT_LH2R0001,AUT_DEM01,[1000km],Pip,2.113258398
PRT_LH2R0001,HRV_DEM01,[1000km],Pip,2.208692961
PRT_LH2R0001,FRA_DEM01,[1000km],Pip,1.289869926
PRT_LH2R0001,CHE_DEM01,[1000km],Pip,1.668033711
PRT_LH2R0001,BEL_DEM01,[1000km],Pip,1.714647179
PRT_LH2R0001,DEU_DEM01,[1000km],Pip,2.05349273
PRT_LH2R0001,POL_DEM01,[1000km],Pip,2.652530799
PRT_LH2R0001,SVK_DEM01,[1000km],Pip,2.530160415
PRT_LH2R0001,SVN_DEM01,[1000km],Pip,2.114000721
PRT_LH2R0001,NOR_DEM01,[1000km],Pip,3.251875591
PRT_LH2R0001,CZE_DEM01,[1000km],Pip,2.284553666
PRT_LH2R0001,DNK_DEM01,[1000km],Pip,2.390851291
PRT_LH2R0001,HUN_DEM01,[1000km],Pip,2.482584802
PRT_LH2R0001,ITA_DEM01,[1000km],Pip,1.824476461
POL_LH2R0001,FIN_DEM01,[1000km],Pip,1.35866886
POL_LH2R0001,LVA_DEM01,[1000km],Pip,0.748650511
POL_LH2R0001,LTU_DEM01,[1000km],Pip,0.639744812
POL_LH2R0001,ROU_DEM01,[1000km],Pip,1.177889183
POL_LH2R0001,NOR_DEM01,[1000km],Pip,1.174070217
POL_LH2R0001,SWE_DEM01,[1000km],Pip,0.999283646
POL_LH2R0001,BGR_DEM01,[1000km],Pip,1.477499034
POL_LH2R0001,EST_DEM01,[1000km],Pip,0.872969435
PRT_LH2R0001,GBR_DEM01,[1000km],Pip,1.794155748
PRT_LH2R0001,MLT_DEM01,[1000km],Pip,2.080736336
PRT_LH2R0001,CYP_DEM01,[1000km],Pip,3.740692875
PRT_LH2R0001,GRC_DEM01,[1000km],Pip,2.748021391
POL_LH2R0001,ESP_DEM01,[1000km],Pip,2.008794739
POL_LH2R0001,ESP_DEM01,[1000km],Pip,3.739843826
PRT_LH2R0001,PRT_DEM01,[1000km],Pip,0.120908458
PRT_LH2R0001,IRL_DEM01,[1000km],Pip,1.628533998
ITA_LH2R0002,GRC_DEM01,[1000km],Pip,1.107285697
ITA_LH2R0002,FRA_DEM01,[1000km],Pip,0.770076161
ITA_LH2R0002,CHE_DEM01,[1000km],Pip,0.366285263
ITA_LH2R0002,BEL_DEM01,[1000km],Pip,0.841033656
ITA_LH2R0002,IRL_DEM01,[1000km],Pip,1.732127229
ITA_LH2R0002,GBR_DEM01,[1000km],Pip,1.485353572
ITA_LH2R0002,MLT_DEM01,[1000km],Pip,1.03259941
ITA_LH2R0002,CYP_DEM01,[1000km],Pip,2.098153353
ITA_LH2R0002,HRV_DEM01,[1000km],Pip,0.330235032
ITA_LH2R0002,CZE_DEM01,[1000km],Pip,0.573859383
ITA_LH2R0002,DNK_DEM01,[1000km],Pip,1.225298885
ITA_LH2R0002,HUN_DEM01,[1000km],Pip,0.604304527
ITA_LH2R0002,DEU_DEM01,[1000km],Pip,0.688690765
ITA_LH2R0002,LUX_DEM01,[1000km],Pip,0.70060838
ITA_LH2R0002,NLD_DEM01,[1000km],Pip,0.937258499
ITA_LH2R0002,AUT_DEM01,[1000km],Pip,0.320528806
ITA_LH2R0001,SVN_DEM01,[1000km],Pip,0.451363811
ITA_LH2R0001,NOR_DEM01,[1000km],Pip,2.278729696
ITA_LH2R0001,SWE_DEM01,[1000km],Pip,2.125340662
ITA_LH2R0001,BGR_DEM01,[1000km],Pip,1.253417557
ITA_LH2R0001,HUN_DEM01,[1000km],Pip,0.819171832
ITA_LH2R0001,ITA_DEM01,[1000km],Pip,0.232791565
ITA_LH2R0001,POL_DEM01,[1000km],Pip,1.13812232
ITA_LH2R0001,SVK_DEM01,[1000km],Pip,0.899698829
ITA_LH2R0001,ROU_DEM01,[1000km],Pip,1.20692001
ITA_LH2R0001,ESP_DEM01,[1000km],Pip,1.1739058
ITA_LH2R0001,ESP_DEM01,[1000km],Pip,2.865086125
ITA_LH2R0002,PRT_DEM01,[1000km],Pip,1.810307181
ITA_LH2R0001,EST_DEM01,[1000km],Pip,1.94278684
ITA_LH2R0001,FIN_DEM01,[1000km],Pip,2.490677952
ITA_LH2R0001,LVA_DEM01,[1000km],Pip,1.768140341
ITA_LH2R0001,LTU_DEM01,[1000km],Pip,1.601527019
ITA_LH2R0001,CYP_DEM01,[1000km],Pip,2.236381762
ITA_LH2R0001,GRC_DEM01,[1000km],Pip,1.227320832
ITA_LH2R0001,FRA_DEM01,[1000km],Pip,0.632256523
ITA_LH2R0001,CHE_DEM01,[1000km],Pip,0.323834269
ITA_LH2R0001,PRT_DEM01,[1000km],Pip,1.604005572
ITA_LH2R0001,IRL_DEM01,[1000km],Pip,1.657167229
ITA_LH2R0001,GBR_DEM01,[1000km],Pip,1.448052309
ITA_LH2R0001,MLT_DEM01,[1000km],Pip,0.993898053
ITA_LH2R0001,AUT_DEM01,[1000km],Pip,0.510706179
ITA_LH2R0001,HRV_DEM01,[1000km],Pip,0.532143891
ITA_LH2R0001,CZE_DEM01,[1000km],Pip,0.752372096
ITA_LH2R0001,DNK_DEM01,[1000km],Pip,1.317858936
ITA_LH2R0001,BEL_DEM01,[1000km],Pip,0.823658003
ITA_LH2R0001,DEU_DEM01,[1000km],Pip,0.77834465
ITA_LH2R0001,LUX_DEM01,[1000km],Pip,0.690204559
ITA_LH2R0001,NLD_DEM01,[1000km],Pip,0.956513034
HRV_LH2R0001,SVK_DEM01,[1000km],Pip,0.550060645
HRV_LH2R0001,SVN_DEM01,[1000km],Pip,0.118789455
HRV_LH2R0001,NOR_DEM01,[1000km],Pip,2.157700928
HRV_LH2R0001,SWE_DEM01,[1000km],Pip,1.977346861
HRV_LH2R0001,DNK_DEM01,[1000km],Pip,1.253731236
HRV_LH2R0001,HUN_DEM01,[1000km],Pip,0.439106147
HRV_LH2R0001,ITA_DEM01,[1000km],Pip,0.323816837
HRV_LH2R0001,POL_DEM01,[1000km],Pip,0.860574399
HRV_LH2R0001,LTU_DEM01,[1000km],Pip,1.318541588
HRV_LH2R0001,ROU_DEM01,[1000km],Pip,0.815082852
HRV_LH2R0001,ESP_DEM01,[1000km],Pip,1.566380612
HRV_LH2R0001,ESP_DEM01,[1000km],Pip,3.250197335
HRV_LH2R0001,BGR_DEM01,[1000km],Pip,0.890756587
HRV_LH2R0001,EST_DEM01,[1000km],Pip,1.685813561
HRV_LH2R0001,FIN_DEM01,[1000km],Pip,2.281151674
HRV_LH2R0001,LVA_DEM01,[1000km],Pip,1.495304389
LTU_LH2R0001,CHE_DEM01,[1000km],Pip,1.331523405
LTU_LH2R0001,BEL_DEM01,[1000km],Pip,1.231486678
LTU_LH2R0001,DEU_DEM01,[1000km],Pip,0.875021371
LTU_LH2R0001,LUX_DEM01,[1000km],Pip,1.206238477
LTU_LH2R0001,MLT_DEM01,[1000km],Pip,2.256105899
LTU_LH2R0001,CYP_DEM01,[1000km],Pip,2.471054295
LTU_LH2R0001,GRC_DEM01,[1000km],Pip,1.850042389
LTU_LH2R0001,FRA_DEM01,[1000km],Pip,1.64001618
LTU_LH2R0001,DNK_DEM01,[1000km],Pip,0.695391546
LTU_LH2R0001,HUN_DEM01,[1000km],Pip,0.952935214
LTU_LH2R0001,ITA_DEM01,[1000km],Pip,1.573033216
LTU_LH2R0001,POL_DEM01,[1000km],Pip,0.410161435
LTU_LH2R0001,NLD_DEM01,[1000km],Pip,1.085292117
LTU_LH2R0001,AUT_DEM01,[1000km],Pip,1.019216989
LTU_LH2R0001,HRV_DEM01,[1000km],Pip,1.226804227
LTU_LH2R0001,CZE_DEM01,[1000km],Pip,0.766127897
ITA_LH2R0003,SWE_DEM01,[1000km],Pip,2.181570069
ITA_LH2R0003,BGR_DEM01,[1000km],Pip,1.215077582
ITA_LH2R0003,EST_DEM01,[1000km],Pip,1.981463412
ITA_LH2R0003,FIN_DEM01,[1000km],Pip,2.538736352
ITA_LH2R0003,POL_DEM01,[1000km],Pip,1.169593173
ITA_LH2R0003,SVK_DEM01,[1000km],Pip,0.911254513
ITA_LH2R0003,SVN_DEM01,[1000km],Pip,0.457513981
ITA_LH2R0003,NOR_DEM01,[1000km],Pip,2.338411167
ITA_LH2R0003,ESP_DEM01,[1000km],Pip,2.868681362
LTU_LH2R0001,PRT_DEM01,[1000km],Pip,2.821313527
LTU_LH2R0001,IRL_DEM01,[1000km],Pip,1.906609121
LTU_LH2R0001,GBR_DEM01,[1000km],Pip,1.542692238
ITA_LH2R0003,LVA_DEM01,[1000km],Pip,1.803178634
ITA_LH2R0003,LTU_DEM01,[1000km],Pip,1.633912462
ITA_LH2R0003,ROU_DEM01,[1000km],Pip,1.187711465
ITA_LH2R0003,ESP_DEM01,[1000km],Pip,1.195282008
ITA_LH2R0003,FRA_DEM01,[1000km],Pip,0.696654068
ITA_LH2R0003,CHE_DEM01,[1000km],Pip,0.396829146
ITA_LH2R0003,BEL_DEM01,[1000km],Pip,0.897156666
ITA_LH2R0003,DEU_DEM01,[1000km],Pip,0.840415547
ITA_LH2R0003,GBR_DEM01,[1000km],Pip,1.521630396
ITA_LH2R0003,MLT_DEM01,[1000km],Pip,0.920661186
ITA_LH2R0003,CYP_DEM01,[1000km],Pip,2.180415234
ITA_LH2R0003,GRC_DEM01,[1000km],Pip,1.168557755
ITA_LH2R0003,CZE_DEM01,[1000km],Pip,0.788518157
ITA_LH2R0003,DNK_DEM01,[1000km],Pip,1.381068444
ITA_LH2R0003,HUN_DEM01,[1000km],Pip,0.818065804
ITA_LH2R0003,ITA_DEM01,,Pip,0.165742695
ITA_LH2R0003,LUX_DEM01,,Pip,0.763267064
ITA_LH2R0003,NLD_DEM01,,Pip,1.028327288
ITA_LH2R0003,AUT_DEM01,,Pip,0.539750018
ITA_LH2R0003,HRV_DEM01,,Pip,0.514566755
ITA_LH2R0002,NOR_DEM01,,Pip,2.164154685
ITA_LH2R0002,SWE_DEM01,,Pip,1.997198817
ITA_LH2R0002,BGR_DEM01,,Pip,1.07416666
ITA_LH2R0002,EST_DEM01,,Pip,1.765816201
ITA_LH2R0002,ITA_DEM01,,Pip,0.249022554
ITA_LH2R0002,POL_DEM01,,Pip,0.948907638
ITA_LH2R0002,SVK_DEM01,,Pip,0.688036231
ITA_LH2R0002,SVN_DEM01,,Pip,0.236711703
ITA_LH2R0002,ESP_DEM01,,Pip,1.384105904
ITA_LH2R0002,ESP_DEM01,,Pip,3.080037184
ITA_LH2R0003,PRT_DEM01,,Pip,1.629927535
ITA_LH2R0003,IRL_DEM01,,Pip,1.728496299
ITA_LH2R0002,FIN_DEM01,,Pip,2.335457772
ITA_LH2R0002,LVA_DEM01,,Pip,1.584303898
ITA_LH2R0002,LTU_DEM01,,Pip,1.413208096
ITA_LH2R0002,ROU_DEM01,,Pip,1.000505649
GBR_LH2R0003,IRL_DEM01,,Pip,0.269756636
GBR_LH2R0003,GBR_DEM01,,Pip,0.307163126
GBR_LH2R0003,MLT_DEM01,,Pip,2.337701871
GBR_LH2R0003,CYP_DEM01,,Pip,3.549540606
GBR_LH2R0002,ROU_DEM01,,Pip,2.284262075
GBR_LH2R0002,ESP_DEM01,,Pip,1.265465362
GBR_LH2R0002,ESP_DEM01,,Pip,2.742325601
GBR_LH2R0003,PRT_DEM01,,Pip,1.373202524
GBR_LH2R0003,DEU_DEM01,,Pip,1.071062356
GBR_LH2R0003,LUX_DEM01,,Pip,0.810690641
GBR_LH2R0003,NLD_DEM01,,Pip,0.730706874
GBR_LH2R0003,AUT_DEM01,,Pip,1.450760443
GBR_LH2R0003,GRC_DEM01,,Pip,2.576428315
GBR_LH2R0003,FRA_DEM01,,Pip,0.793109476
GBR_LH2R0003,CHE_DEM01,,Pip,1.104503997
GBR_LH2R0003,BEL_DEM01,,Pip,0.68540824
GBR_LH2R0002,HUN_DEM01,,Pip,1.836886905
GBR_LH2R0002,ITA_DEM01,,Pip,1.626616085
GBR_LH2R0002,POL_DEM01,,Pip,1.676659955
GBR_LH2R0002,SVK_DEM01,,Pip,1.776411636
GBR_LH2R0002,AUT_DEM01,,Pip,1.456314809
GBR_LH2R0002,HRV_DEM01,,Pip,1.747018177
GBR_LH2R0002,CZE_DEM01,,Pip,1.45307478
GBR_LH2R0002,DNK_DEM01,,Pip,1.099005085
GBR_LH2R0002,EST_DEM01,,Pip,2.074656534
GBR_LH2R0002,FIN_DEM01,,Pip,2.292945902
GBR_LH2R0002,LVA_DEM01,,Pip,2.017710129
GBR_LH2R0002,LTU_DEM01,,Pip,1.948275619
GBR_LH2R0002,SVN_DEM01,,Pip,1.579194892
GBR_LH2R0002,NOR_DEM01,,Pip,1.798497872
GBR_LH2R0002,SWE_DEM01,,Pip,1.787659201
GBR_LH2R0002,BGR_DEM01,,Pip,2.478328746
GBR_LH2R0002,PRT_DEM01,,Pip,1.373154468
GBR_LH2R0002,IRL_DEM01,,Pip,0.264784708
GBR_LH2R0002,GBR_DEM01,,Pip,0.308572725
GBR_LH2R0002,MLT_DEM01,,Pip,2.342574178
GBR_LH2R0001,LTU_DEM01,,Pip,1.595543266
GBR_LH2R0001,ROU_DEM01,,Pip,1.884848751
GBR_LH2R0001,ESP_DEM01,,Pip,1.271507411
GBR_LH2R0001,ESP_DEM01,,Pip,2.907705701
GBR_LH2R0002,BEL_DEM01,,Pip,0.690931941
GBR_LH2R0002,DEU_DEM01,,Pip,1.076433759
GBR_LH2R0002,LUX_DEM01,,Pip,0.816245517
GBR_LH2R0002,NLD_DEM01,,Pip,0.73588837
GBR_LH2R0002,CYP_DEM01,,Pip,3.55508394
GBR_LH2R0002,GRC_DEM01,,Pip,2.581906621
GBR_LH2R0002,FRA_DEM01,,Pip,0.797888291
GBR_LH2R0002,CHE_DEM01,,Pip,1.109939619
GBR_LH2R0001,DNK_DEM01,,Pip,0.795568036
GBR_LH2R0001,HUN_DEM01,,Pip,1.438386178
GBR_LH2R0001,ITA_DEM01,,Pip,1.290510384
GBR_LH2R0001,POL_DEM01,,Pip,1.290366561
GBR_LH2R0001,NLD_DEM01,,Pip,0.350898708
GBR_LH2R0001,AUT_DEM01,,Pip,1.062813121
GBR_LH2R0001,HRV_DEM01,,Pip,1.363736183
GBR_LH2R0001,CZE_DEM01,,Pip,1.05326415
GBR_LH2R0001,BGR_DEM01,,Pip,2.085129306
GBR_LH2R0001,EST_DEM01,,Pip,1.765440411
GBR_LH2R0001,FIN_DEM01,,Pip,2.071592211
GBR_LH2R0001,LVA_DEM01,,Pip,1.683726751
GBR_LH2R0001,SVK_DEM01,,Pip,1.376506252
GBR_LH2R0001,SVN_DEM01,,Pip,1.193604906
GBR_LH2R0001,NOR_DEM01,,Pip,1.643158778
GBR_LH2R0001,SWE_DEM01,,Pip,1.584659677
HRV_LH2R0001,MLT_DEM01,,Pip,1.019045518
HRV_LH2R0001,CYP_DEM01,,Pip,1.932141182
HRV_LH2R0001,GRC_DEM01,,Pip,0.959520946
HRV_LH2R0001,FRA_DEM01,,Pip,0.950076482
GRC_LH2R0001,ESP_DEM01,,Pip,3.771089179
HRV_LH2R0001,PRT_DEM01,,Pip,1.995124405
HRV_LH2R0001,IRL_DEM01,,Pip,1.878118312
HRV_LH2R0001,GBR_DEM01,,Pip,1.611260835
HRV_LH2R0001,NLD_DEM01,,Pip,1.035609716
HRV_LH2R0001,AUT_DEM01,,Pip,0.283032447
HRV_LH2R0001,HRV_DEM01,,Pip,0.142714067
HRV_LH2R0001,CZE_DEM01,,Pip,0.52286437
HRV_LH2R0001,CHE_DEM01,,Pip,0.529847651
HRV_LH2R0001,BEL_DEM01,,Pip,0.966684204
HRV_LH2R0001,DEU_DEM01,,Pip,0.740795867
HRV_LH2R0001,LUX_DEM01,,Pip,0.82742186
GRC_LH2R0001,POL_DEM01,,Pip,1.581962001
GRC_LH2R0001,SVK_DEM01,,Pip,1.212552715
GRC_LH2R0001,SVN_DEM01,,Pip,1.131768011
GRC_LH2R0001,NOR_DEM01,,Pip,2.98767625
GRC_LH2R0001,CZE_DEM01,,Pip,1.437933564
GRC_LH2R0001,DNK_DEM01,,Pip,2.21448787
GRC_LH2R0001,HUN_DEM01,,Pip,1.051391042
GRC_LH2R0001,ITA_DEM01,,Pip,1.088815822
GRC_LH2R0001,LVA_DEM01,,Pip,2.080694427
GRC_LH2R0001,LTU_DEM01,,Pip,1.908581181
GRC_LH2R0001,ROU_DEM01,,Pip,0.861993763
GRC_LH2R0001,ESP_DEM01,,Pip,2.325387552
GRC_LH2R0001,SWE_DEM01,,Pip,2.775810565
GRC_LH2R0001,BGR_DEM01,,Pip,0.532645918
GRC_LH2R0001,EST_DEM01,,Pip,2.285094642
GRC_LH2R0001,FIN_DEM01,,Pip,2.935334021
GRC_LH2R0001,GBR_DEM01,,Pip,2.670832213
GRC_LH2R0001,MLT_DEM01,,Pip,0.836838334
GRC_LH2R0001,CYP_DEM01,,Pip,0.943013711
GRC_LH2R0001,GRC_DEM01,,Pip,0.107239437
GBR_LH2R0003,ESP_DEM01,,Pip,1.263717765
GBR_LH2R0003,ESP_DEM01,,Pip,2.743349425
GRC_LH2R0001,PRT_DEM01,,Pip,2.764232173
GRC_LH2R0001,IRL_DEM01,,Pip,2.933809669
GRC_LH2R0001,LUX_DEM01,,Pip,1.887284461
GRC_LH2R0001,NLD_DEM01,,Pip,2.086798575
GRC_LH2R0001,AUT_DEM01,,Pip,1.290089155
GRC_LH2R0001,HRV_DEM01,,Pip,0.960727388
GRC_LH2R0001,FRA_DEM01,,Pip,1.946443722
GRC_LH2R0001,CHE_DEM01,,Pip,1.569117388
GRC_LH2R0001,BEL_DEM01,,Pip,2.02660879
GRC_LH2R0001,DEU_DEM01,,Pip,1.7644669
GBR_LH2R0003,ITA_DEM01,,Pip,1.621347804
GBR_LH2R0003,POL_DEM01,,Pip,1.671566679
GBR_LH2R0003,SVK_DEM01,,Pip,1.770960838
GBR_LH2R0003,SVN_DEM01,,Pip,1.573646265
GBR_LH2R0003,HRV_DEM01,,Pip,1.741477492
GBR_LH2R0003,CZE_DEM01,,Pip,1.44763385
GBR_LH2R0003,DNK_DEM01,,Pip,1.094994636
GBR_LH2R0003,HUN_DEM01,,Pip,1.83136117
GBR_LH2R0003,FIN_DEM01,,Pip,2.29039812
GBR_LH2R0003,LVA_DEM01,,Pip,2.013491938
GBR_LH2R0003,LTU_DEM01,,Pip,1.943762797
GBR_LH2R0003,ROU_DEM01,,Pip,2.27875496
GBR_LH2R0003,NOR_DEM01,,Pip,1.796754491
GBR_LH2R0003,SWE_DEM01,,Pip,1.785255491
GBR_LH2R0003,BGR_DEM01,,Pip,2.472772717
GBR_LH2R0003,EST_DEM01,,Pip,2.070813425
FRA_LH2R0002,ROU_DEM01,,Pip,2.073787621
FRA_LH2R0002,ESP_DEM01,,Pip,0.778346309
FRA_LH2R0002,ESP_DEM01,,Pip,2.412501916
FRA_LH2R0003,PRT_DEM01,,Pip,1.199789267
FRA_LH2R0002,EST_DEM01,,Pip,2.221196458
FRA_LH2R0002,FIN_DEM01,,Pip,2.567459334
FRA_LH2R0002,LVA_DEM01,,Pip,2.116958676
FRA_LH2R0002,LTU_DEM01,,Pip,2.005985979
FRA_LH2R0003,GRC_DEM01,,Pip,1.586730494
FRA_LH2R0003,FRA_DEM01,,Pip,0.392132703
FRA_LH2R0003,CHE_DEM01,,Pip,0.455974054
FRA_LH2R0003,BEL_DEM01,,Pip,0.799826206
FRA_LH2R0003,IRL_DEM01,,Pip,1.446515733
FRA_LH2R0003,GBR_DEM01,,Pip,1.318895146
FRA_LH2R0003,MLT_DEM01,,Pip,1.1714983
FRA_LH2R0003,CYP_DEM01,,Pip,2.601899477
FRA_LH2R0002,AUT_DEM01,,Pip,1.225743097
FRA_LH2R0002,HRV_DEM01,,Pip,1.450687468
FRA_LH2R0002,CZE_DEM01,,Pip,1.315479572
FRA_LH2R0002,DNK_DEM01,,Pip,1.275527814
FRA_LH2R0002,BEL_DEM01,,Pip,0.619750861
FRA_LH2R0002,DEU_DEM01,,Pip,1.003899386
FRA_LH2R0002,LUX_DEM01,,Pip,0.665353746
FRA_LH2R0002,NLD_DEM01,,Pip,0.781135881
FRA_LH2R0002,SVN_DEM01,,Pip,1.301280534
FRA_LH2R0002,NOR_DEM01,,Pip,2.145842385
FRA_LH2R0002,SWE_DEM01,,Pip,2.085490857
FRA_LH2R0002,BGR_DEM01,,Pip,2.203006864
FRA_LH2R0002,HUN_DEM01,,Pip,1.626685465
FRA_LH2R0002,ITA_DEM01,,Pip,1.224769672
FRA_LH2R0002,POL_DEM01,,Pip,1.635328255
FRA_LH2R0002,SVK_DEM01,,Pip,1.615712621
FRA_LH2R0001,LTU_DEM01,,Pip,1.899051121
FRA_LH2R0001,ROU_DEM01,,Pip,1.610418039
FRA_LH2R0001,ESP_DEM01,,Pip,0.773856269
FRA_LH2R0001,ESP_DEM01,,Pip,2.488992964
FRA_LH2R0001,BGR_DEM01,,Pip,1.653388962
FRA_LH2R0001,EST_DEM01,,Pip,2.208746992
FRA_LH2R0001,FIN_DEM01,,Pip,2.700512897
FRA_LH2R0001,LVA_DEM01,,Pip,2.052502953
FRA_LH2R0002,CYP_DEM01,,Pip,3.228977365
FRA_LH2R0002,GRC_DEM01,,Pip,2.223753631
FRA_LH2R0002,FRA_DEM01,,Pip,0.366912874
FRA_LH2R0002,CHE_DEM01,,Pip,0.78964157
FRA_LH2R0002,PRT_DEM01,,Pip,1.001999874
FRA_LH2R0002,IRL_DEM01,,Pip,0.779226518
FRA_LH2R0002,GBR_DEM01,,Pip,0.762241071
FRA_LH2R0002,MLT_DEM01,,Pip,1.869449942
FRA_LH2R0001,NLD_DEM01,,Pip,0.979259005
FRA_LH2R0001,AUT_DEM01,,Pip,0.855970565
FRA_LH2R0001,HRV_DEM01,,Pip,0.936327229
FRA_LH2R0001,CZE_DEM01,,Pip,1.061357353
FRA_LH2R0001,CHE_DEM01,,Pip,0.455974054
FRA_LH2R0001,BEL_DEM01,,Pip,0.799826206
FRA_LH2R0001,DEU_DEM01,,Pip,0.94693127
FRA_LH2R0001,LUX_DEM01,,Pip,0.708551471
FRA_LH2R0001,SVK_DEM01,,Pip,1.268735831
FRA_LH2R0001,SVN_DEM01,,Pip,0.839823588
FRA_LH2R0001,NOR_DEM01,,Pip,2.407995661
FRA_LH2R0001,SWE_DEM01,,Pip,2.285150251
FRA_LH2R0001,DNK_DEM01,,Pip,1.439583478
FRA_LH2R0001,HUN_DEM01,,Pip,1.20926175
FRA_LH2R0001,ITA_DEM01,,Pip,0.588669913
FRA_LH2R0001,POL_DEM01,,Pip,1.448576631
FRA_LH2R0004,ESP_DEM01,,Pip,2.932096552
GBR_LH2R0001,PRT_DEM01,,Pip,1.499235433
GBR_LH2R0001,IRL_DEM01,,Pip,0.631583355
GBR_LH2R0001,GBR_DEM01,,Pip,0.385527958
FRA_LH2R0004,LVA_DEM01,,Pip,1.617651369
FRA_LH2R0004,LTU_DEM01,,Pip,1.520495117
FRA_LH2R0004,ROU_DEM01,,Pip,1.772631394
FRA_LH2R0004,ESP_DEM01,,Pip,1.262851349
GBR_LH2R0001,CHE_DEM01,,Pip,0.755109656
GBR_LH2R0001,BEL_DEM01,,Pip,0.29346011
GBR_LH2R0001,DEU_DEM01,,Pip,0.678372893
GBR_LH2R0001,LUX_DEM01,,Pip,0.425853778
GBR_LH2R0001,MLT_DEM01,,Pip,2.046845497
GBR_LH2R0001,CYP_DEM01,,Pip,3.168855445
GBR_LH2R0001,GRC_DEM01,,Pip,2.209962537
GBR_LH2R0001,FRA_DEM01,,Pip,0.560376497
FRA_LH2R0004,CZE_DEM01,,Pip,0.944381254
FRA_LH2R0004,DNK_DEM01,,Pip,0.755784207
FRA_LH2R0004,HUN_DEM01,,Pip,1.325199931
FRA_LH2R0004,ITA_DEM01,,Pip,1.183048166
FRA_LH2R0004,LUX_DEM01,,Pip,0.310314795
FRA_LH2R0004,NLD_DEM01,,Pip,0.272057312
FRA_LH2R0004,AUT_DEM01,,Pip,0.947677118
FRA_LH2R0004,HRV_DEM01,,Pip,1.248270635
FRA_LH2R0004,SWE_DEM01,,Pip,1.572833493
FRA_LH2R0004,BGR_DEM01,,Pip,1.970077603
FRA_LH2R0004,EST_DEM01,,Pip,1.710291268
FRA_LH2R0004,FIN_DEM01,,Pip,2.049359647
FRA_LH2R0004,POL_DEM01,,Pip,1.196054306
FRA_LH2R0004,SVK_DEM01,,Pip,1.266915431
FRA_LH2R0004,SVN_DEM01,,Pip,1.078073402
FRA_LH2R0004,NOR_DEM01,,Pip,1.647046671
FRA_LH2R0003,ESP_DEM01,,Pip,0.773856269
FRA_LH2R0003,ESP_DEM01,,Pip,2.488992964
FRA_LH2R0004,PRT_DEM01,,Pip,1.521542603
FRA_LH2R0004,IRL_DEM01,,Pip,0.747078354
FRA_LH2R0003,FIN_DEM01,,Pip,2.700512897
FRA_LH2R0003,LVA_DEM01,,Pip,2.052502953
FRA_LH2R0003,LTU_DEM01,,Pip,1.899051121
FRA_LH2R0003,ROU_DEM01,,Pip,1.610418039
FRA_LH2R0004,FRA_DEM01,,Pip,0.497628127
FRA_LH2R0004,CHE_DEM01,,Pip,0.645563078
FRA_LH2R0004,BEL_DEM01,,Pip,0.179261962
FRA_LH2R0004,DEU_DEM01,,Pip,0.574436918
FRA_LH2R0004,GBR_DEM01,,Pip,0.48935787
FRA_LH2R0004,MLT_DEM01,,Pip,1.946717666
FRA_LH2R0004,CYP_DEM01,,Pip,3.053312782
FRA_LH2R0004,GRC_DEM01,,Pip,2.095227411
FRA_LH2R0003,HRV_DEM01,,Pip,0.936327229
FRA_LH2R0003,CZE_DEM01,,Pip,1.061357353
FRA_LH2R0003,DNK_DEM01,,Pip,1.439583478
FRA_LH2R0003,HUN_DEM01,,Pip,1.20926175
FRA_LH2R0003,DEU_DEM01,,Pip,0.94693127
FRA_LH2R0003,LUX_DEM01,,Pip,0.708551471
FRA_LH2R0003,NLD_DEM01,,Pip,0.979259005
FRA_LH2R0003,AUT_DEM01,,Pip,0.855970565
FRA_LH2R0003,NOR_DEM01,,Pip,2.407995661
FRA_LH2R0003,SWE_DEM01,,Pip,2.285150251
FRA_LH2R0003,BGR_DEM01,,Pip,1.653388962
FRA_LH2R0003,EST_DEM01,,Pip,2.208746992
FRA_LH2R0003,ITA_DEM01,,Pip,0.588669913
FRA_LH2R0003,POL_DEM01,,Pip,1.448576631
FRA_LH2R0003,SVK_DEM01,,Pip,1.268735831
FRA_LH2R0003,SVN_DEM01,,Pip,0.839823588
ESP_LH2R0004,EST_DEM01,,Pip,2.715589606
ESP_LH2R0004,FIN_DEM01,,Pip,3.067623088
ESP_LH2R0004,LVA_DEM01,,Pip,2.603986905
ESP_LH2R0004,LTU_DEM01,,Pip,2.484760793
ESP_LH2R0004,SVN_DEM01,,Pip,1.642086653
ESP_LH2R0004,NOR_DEM01,,Pip,2.635378681
ESP_LH2R0004,SWE_DEM01,,Pip,2.582924692
ESP_LH2R0004,BGR_DEM01,,Pip,2.501918404
ESP_LH2R0005,IRL_DEM01,,Pip,1.625764197
ESP_LH2R0005,GBR_DEM01,,Pip,1.635855109
ESP_LH2R0005,MLT_DEM01,,Pip,1.372605863
ESP_LH2R0005,CYP_DEM01,,Pip,3.009677003
ESP_LH2R0004,ROU_DEM01,,Pip,2.427980331
ESP_LH2R0004,ESP_DEM01,,Pip,0.398174842
ESP_LH2R0004,ESP_DEM01,,Pip,1.91171061
ESP_LH2R0005,PRT_DEM01,,Pip,0.696328813
ESP_LH2R0004,BEL_DEM01,,Pip,1.109956353
ESP_LH2R0004,DEU_DEM01,,Pip,1.471501077
ESP_LH2R0004,LUX_DEM01,,Pip,1.132673175
ESP_LH2R0004,NLD_DEM01,,Pip,1.279305783
ESP_LH2R0004,CYP_DEM01,,Pip,3.452645377
ESP_LH2R0004,GRC_DEM01,,Pip,2.43777889
ESP_LH2R0004,FRA_DEM01,,Pip,0.729175519
ESP_LH2R0004,CHE_DEM01,,Pip,1.150209986
ESP_LH2R0004,HUN_DEM01,,Pip,1.997923425
ESP_LH2R0004,ITA_DEM01,,Pip,1.444086986
ESP_LH2R0004,POL_DEM01,,Pip,2.090624288
ESP_LH2R0004,SVK_DEM01,,Pip,2.017564105
ESP_LH2R0004,AUT_DEM01,,Pip,1.606146318
ESP_LH2R0004,HRV_DEM01,,Pip,1.765830387
ESP_LH2R0004,CZE_DEM01,,Pip,1.74242965
ESP_LH2R0004,DNK_DEM01,,Pip,1.776281053
ESP_LH2R0003,BGR_DEM01,,Pip,2.29497655
ESP_LH2R0003,EST_DEM01,,Pip,3.02095832
ESP_LH2R0003,FIN_DEM01,,Pip,3.488762176
ESP_LH2R0003,LVA_DEM01,,Pip,2.868103916
ESP_LH2R0003,SVK_DEM01,,Pip,2.06083645
ESP_LH2R0003,SVN_DEM01,,Pip,1.612831163
ESP_LH2R0003,NOR_DEM01,,Pip,3.147047488
ESP_LH2R0003,SWE_DEM01,,Pip,3.048326541
ESP_LH2R0004,PRT_DEM01,,Pip,0.501445593
ESP_LH2R0004,IRL_DEM01,,Pip,1.083474092
ESP_LH2R0004,GBR_DEM01,,Pip,1.194720575
ESP_LH2R0004,MLT_DEM01,,Pip,1.918413251
ESP_LH2R0003,LTU_DEM01,,Pip,2.715551008
ESP_LH2R0003,ROU_DEM01,,Pip,2.331886519
ESP_LH2R0003,ESP_DEM01,,Pip,0.374759636
ESP_LH2R0003,ESP_DEM01,,Pip,1.711851426
ESP_LH2R0003,CHE_DEM01,,Pip,1.271109821
ESP_LH2R0003,BEL_DEM01,,Pip,1.514745511
ESP_LH2R0003,DEU_DEM01,,Pip,1.7472748
ESP_LH2R0003,LUX_DEM01,,Pip,1.46384056
ESP_LH2R0003,MLT_DEM01,,Pip,1.390420068
ESP_LH2R0003,CYP_DEM01,,Pip,3.068575118
ESP_LH2R0003,GRC_DEM01,,Pip,2.094389936
ESP_LH2R0003,FRA_DEM01,,Pip,1.035286709
ESP_LH2R0003,DNK_DEM01,,Pip,2.199840002
ESP_LH2R0003,HUN_DEM01,,Pip,1.977733046
ESP_LH2R0003,ITA_DEM01,,Pip,1.2501543
ESP_LH2R0003,POL_DEM01,,Pip,2.264040595
ESP_LH2R0003,NLD_DEM01,,Pip,1.704630263
ESP_LH2R0003,AUT_DEM01,,Pip,1.658743609
ESP_LH2R0003,HRV_DEM01,,Pip,1.669430727
ESP_LH2R0003,CZE_DEM01,,Pip,1.875689281
ESP_LH2R0006,LVA_DEM01,,Pip,2.758509874
ESP_LH2R0006,LTU_DEM01,,Pip,2.646523049
ESP_LH2R0006,ROU_DEM01,,Pip,2.628315661
ESP_LH2R0006,ESP_DEM01,,Pip,0.521391009
ESP_LH2R0006,SWE_DEM01,,Pip,2.68809985
ESP_LH2R0006,BGR_DEM01,,Pip,2.706990393
ESP_LH2R0006,EST_DEM01,,Pip,2.860743683
ESP_LH2R0006,FIN_DEM01,,Pip,3.181514157
FRA_LH2R0001,MLT_DEM01,,Pip,1.1714983
FRA_LH2R0001,CYP_DEM01,,Pip,2.601899477
FRA_LH2R0001,GRC_DEM01,,Pip,1.586730494
FRA_LH2R0001,FRA_DEM01,,Pip,0.392132703
ESP_LH2R0006,ESP_DEM01,,Pip,1.805527985
FRA_LH2R0001,PRT_DEM01,,Pip,1.199789267
FRA_LH2R0001,IRL_DEM01,,Pip,1.446515733
FRA_LH2R0001,GBR_DEM01,,Pip,1.318895146
ESP_LH2R0006,LUX_DEM01,,Pip,1.299115156
ESP_LH2R0006,NLD_DEM01,,Pip,1.419538911
ESP_LH2R0006,AUT_DEM01,,Pip,1.800590553
ESP_LH2R0006,HRV_DEM01,,Pip,1.968896458
ESP_LH2R0006,FRA_DEM01,,Pip,0.916956801
ESP_LH2R0006,CHE_DEM01,,Pip,1.345202423
ESP_LH2R0006,BEL_DEM01,,Pip,1.261293885
ESP_LH2R0006,DEU_DEM01,,Pip,1.639116971
ESP_LH2R0006,POL_DEM01,,Pip,2.26553168
ESP_LH2R0006,SVK_DEM01,,Pip,2.209070852
ESP_LH2R0006,SVN_DEM01,,Pip,1.842333816
ESP_LH2R0006,NOR_DEM01,,Pip,2.724890855
ESP_LH2R0006,CZE_DEM01,,Pip,1.926758077
ESP_LH2R0006,DNK_DEM01,,Pip,1.904835184
ESP_LH2R0006,HUN_DEM01,,Pip,2.195089937
ESP_LH2R0006,ITA_DEM01,,Pip,1.65029595
ESP_LH2R0005,FIN_DEM01,,Pip,3.275121806
ESP_LH2R0005,LVA_DEM01,,Pip,2.666582191
ESP_LH2R0005,LTU_DEM01,,Pip,2.517279962
ESP_LH2R0005,ROU_DEM01,,Pip,2.187400876
ESP_LH2R0005,NOR_DEM01,,Pip,2.92999856
ESP_LH2R0005,SWE_DEM01,,Pip,2.832207486
ESP_LH2R0005,BGR_DEM01,,Pip,2.177367154
ESP_LH2R0005,EST_DEM01,,Pip,2.815599126
ESP_LH2R0006,GBR_DEM01,,Pip,1.251435362
ESP_LH2R0006,MLT_DEM01,,Pip,2.110963761
ESP_LH2R0006,CYP_DEM01,,Pip,3.658120885
ESP_LH2R0006,GRC_DEM01,,Pip,2.643422841
ESP_LH2R0005,ESP_DEM01,,Pip,0.275901393
ESP_LH2R0005,ESP_DEM01,,Pip,1.87169381
ESP_LH2R0006,PRT_DEM01,,Pip,0.429589343
ESP_LH2R0006,IRL_DEM01,,Pip,1.080300166
ESP_LH2R0005,DEU_DEM01,,Pip,1.538528946
ESP_LH2R0005,LUX_DEM01,,Pip,1.249303373
ESP_LH2R0005,NLD_DEM01,,Pip,1.487885974
ESP_LH2R0005,AUT_DEM01,,Pip,1.47668357
ESP_LH2R0005,GRC_DEM01,,Pip,2.014847991
ESP_LH2R0005,FRA_DEM01,,Pip,0.818529678
ESP_LH2R0005,CHE_DEM01,,Pip,1.071839374
ESP_LH2R0005,BEL_DEM01,,Pip,1.297995852
ESP_LH2R0005,ITA_DEM01,,Pip,1.110862359
ESP_LH2R0005,POL_DEM01,,Pip,2.070498282
ESP_LH2R0005,SVK_DEM01,,Pip,1.885591532
ESP_LH2R0005,SVN_DEM01,,Pip,1.444745564
ESP_LH2R0005,HRV_DEM01,,Pip,1.516412308
ESP_LH2R0005,CZE_DEM01,,Pip,1.684194879
ESP_LH2R0005,DNK_DEM01,,Pip,1.984110757
ESP_LH2R0005,HUN_DEM01,,Pip,1.813338713
CYP_LH2R0001,SVN_DEM01,,Pip,2.006087196
CYP_LH2R0001,NOR_DEM01,,Pip,3.552381811
CYP_LH2R0001,SWE_DEM01,,Pip,3.326719645
CYP_LH2R0001,BGR_DEM01,,Pip,1.133499952
CYP_LH2R0001,HUN_DEM01,,Pip,1.804202759
CYP_LH2R0001,ITA_DEM01,,Pip,2.043258896
CYP_LH2R0001,POL_DEM01,,Pip,2.227914976
CYP_LH2R0001,SVK_DEM01,,Pip,1.925195253
CYP_LH2R0001,ROU_DEM01,,Pip,1.421325667
CYP_LH2R0001,ESP_DEM01,,Pip,3.286529259
CYP_LH2R0001,ESP_DEM01,,Pip,4.659330682
ESP_LH2R0001,PRT_DEM01,,Pip,0.931089018
CYP_LH2R0001,EST_DEM01,,Pip,2.723321189
CYP_LH2R0001,FIN_DEM01,,Pip,3.345463783
CYP_LH2R0001,LVA_DEM01,,Pip,2.539885037
CYP_LH2R0001,LTU_DEM01,,Pip,2.401989927
CYP_LH2R0001,CYP_DEM01,,Pip,0.036032539
CYP_LH2R0001,GRC_DEM01,,Pip,1.039088296
CYP_LH2R0001,FRA_DEM01,,Pip,2.888763833
CYP_LH2R0001,CHE_DEM01,,Pip,2.488559057
CYP_LH2R0001,PRT_DEM01,,Pip,3.723560118
CYP_LH2R0001,IRL_DEM01,,Pip,3.830450823
CYP_LH2R0001,GBR_DEM01,,Pip,3.537779259
CYP_LH2R0001,MLT_DEM01,,Pip,1.717289154
CYP_LH2R0001,AUT_DEM01,,Pip,2.140383915
CYP_LH2R0001,HRV_DEM01,,Pip,1.837622607
CYP_LH2R0001,CZE_DEM01,,Pip,2.219935414
CYP_LH2R0001,DNK_DEM01,,Pip,2.951630122
CYP_LH2R0001,BEL_DEM01,,Pip,2.907628641
CYP_LH2R0001,DEU_DEM01,,Pip,2.588685339
CYP_LH2R0001,LUX_DEM01,,Pip,2.773322585
CYP_LH2R0001,NLD_DEM01,,Pip,2.934860145
BEL_LH2R0001,SVK_DEM01,,Pip,1.199702443
BEL_LH2R0001,SVN_DEM01,,Pip,1.029846303
BEL_LH2R0001,NOR_DEM01,,Pip,1.592531261
BEL_LH2R0001,SWE_DEM01,,Pip,1.511208368
BEL_LH2R0001,DNK_DEM01,,Pip,0.685626809
BEL_LH2R0001,HUN_DEM01,,Pip,1.263617212
BEL_LH2R0001,ITA_DEM01,,Pip,1.160775148
BEL_LH2R0001,POL_DEM01,,Pip,1.119786584
BEL_LH2R0001,LTU_DEM01,,Pip,1.442383143
BEL_LH2R0001,ROU_DEM01,,Pip,1.709054681
BEL_LH2R0001,ESP_DEM01,,Pip,1.321395957
BEL_LH2R0001,ESP_DEM01,,Pip,3.001500546
BEL_LH2R0001,BGR_DEM01,,Pip,1.914194679
BEL_LH2R0001,EST_DEM01,,Pip,1.634577701
BEL_LH2R0001,FIN_DEM01,,Pip,1.983013983
BEL_LH2R0001,LVA_DEM01,,Pip,1.540221998
BEL_LH2R0001,MLT_DEM01,,Pip,1.934405061
BEL_LH2R0001,CYP_DEM01,,Pip,3.00180434
BEL_LH2R0001,GRC_DEM01,,Pip,2.052598716
BEL_LH2R0001,FRA_DEM01,,Pip,0.531390328
BEL_LH2R0001,PRT_DEM01,,Pip,1.591161934
BEL_LH2R0001,IRL_DEM01,,Pip,0.802046138
BEL_LH2R0001,GBR_DEM01,,Pip,0.518892149
BEL_LH2R0001,NLD_DEM01,,Pip,0.194544695
BEL_LH2R0001,AUT_DEM01,,Pip,0.893008634
BEL_LH2R0001,HRV_DEM01,,Pip,1.201061321
BEL_LH2R0001,CZE_DEM01,,Pip,0.876395224
BEL_LH2R0001,CHE_DEM01,,Pip,0.622093169
BEL_LH2R0001,BEL_DEM01,,Pip,0.126911138
BEL_LH2R0001,DEU_DEM01,,Pip,0.502110324
BEL_LH2R0001,LUX_DEM01,,Pip,0.267060334
ESP_LH2R0002,SWE_DEM01,,Pip,3.26557586
ESP_LH2R0002,BGR_DEM01,,Pip,2.795996229
ESP_LH2R0002,EST_DEM01,,Pip,3.337144681
ESP_LH2R0002,FIN_DEM01,,Pip,3.738473186
ESP_LH2R0002,POL_DEM01,,Pip,2.636927378
ESP_LH2R0002,SVK_DEM01,,Pip,2.484068865
ESP_LH2R0002,SVN_DEM01,,Pip,2.052599253
ESP_LH2R0002,NOR_DEM01,,Pip,3.330628802
ESP_LH2R0002,ESP_DEM01,,Pip,1.282634483
ESP_LH2R0003,PRT_DEM01,,Pip,0.694187283
ESP_LH2R0003,IRL_DEM01,,Pip,1.814705625
ESP_LH2R0003,GBR_DEM01,,Pip,1.843163676
ESP_LH2R0002,LVA_DEM01,,Pip,3.204781698
ESP_LH2R0002,LTU_DEM01,,Pip,3.067380672
ESP_LH2R0002,ROU_DEM01,,Pip,2.805402485
ESP_LH2R0002,ESP_DEM01,,Pip,0.458046409
ESP_LH2R0002,FRA_DEM01,,Pip,1.297238527
ESP_LH2R0002,CHE_DEM01,,Pip,1.638841471
ESP_LH2R0002,BEL_DEM01,,Pip,1.749895671
ESP_LH2R0002,DEU_DEM01,,Pip,2.060319659
ESP_LH2R0002,GBR_DEM01,,Pip,1.903135827
ESP_LH2R0002,MLT_DEM01,,Pip,1.915903358
ESP_LH2R0002,CYP_DEM01,,Pip,3.595565611
ESP_LH2R0002,GRC_DEM01,,Pip,2.61631881
ESP_LH2R0002,CZE_DEM01,,Pip,2.25890842
ESP_LH2R0002,DNK_DEM01,,Pip,2.437840033
ESP_LH2R0002,HUN_DEM01,,Pip,2.422297475
ESP_LH2R0002,ITA_DEM01,,Pip,1.730687232
ESP_LH2R0002,LUX_DEM01,,Pip,1.738628609
ESP_LH2R0002,NLD_DEM01,,Pip,1.932789686
ESP_LH2R0002,AUT_DEM01,,Pip,2.06952142
ESP_LH2R0002,HRV_DEM01,,Pip,2.132651434
ESP_LH2R0001,NOR_DEM01,,Pip,2.676734629
ESP_LH2R0001,SWE_DEM01,,Pip,2.56689143
ESP_LH2R0001,BGR_DEM01,,Pip,1.907981193
ESP_LH2R0001,EST_DEM01,,Pip,2.521236958
ESP_LH2R0001,ITA_DEM01,,Pip,0.832861125
ESP_LH2R0001,POL_DEM01,,Pip,1.767656511
ESP_LH2R0001,SVK_DEM01,,Pip,1.582284774
ESP_LH2R0001,SVN_DEM01,,Pip,1.14435901
ESP_LH2R0001,ESP_DEM01,,Pip,0.490482387
ESP_LH2R0001,ESP_DEM01,,Pip,2.174251251
ESP_LH2R0002,PRT_DEM01,,Pip,0.295726821
ESP_LH2R0002,IRL_DEM01,,Pip,1.771195187
ESP_LH2R0001,FIN_DEM01,,Pip,2.997118052
ESP_LH2R0001,LVA_DEM01,,Pip,2.368383297
ESP_LH2R0001,LTU_DEM01,,Pip,2.216757121
ESP_LH2R0001,ROU_DEM01,,Pip,1.897783155
ESP_LH2R0001,GRC_DEM01,,Pip,1.783318374
ESP_LH2R0001,FRA_DEM01,,Pip,0.574858251
ESP_LH2R0001,CHE_DEM01,,Pip,0.77157289
ESP_LH2R0001,BEL_DEM01,,Pip,1.045348476
ESP_LH2R0001,IRL_DEM01,,Pip,1.521212887
ESP_LH2R0001,GBR_DEM01,,Pip,1.467473909
ESP_LH2R0001,MLT_DEM01,,Pip,1.228899733
ESP_LH2R0001,CYP_DEM01,,Pip,2.792282855
ESP_LH2R0001,HRV_DEM01,,Pip,1.223861941
ESP_LH2R0001,CZE_DEM01,,Pip,1.380623973
ESP_LH2R0001,DNK_DEM01,,Pip,1.717655887
ESP_LH2R0001,HUN_DEM01,,Pip,1.513755706
ESP_LH2R0001,DEU_DEM01,,Pip,1.249738782
ESP_LH2R0001,LUX_DEM01,,Pip,0.979045731
ESP_LH2R0001,NLD_DEM01,,Pip,1.233532921
ESP_LH2R0001,AUT_DEM01,,Pip,1.172443711
SWE_PORT0001,CZE_DEM01,,Pip,0.91466202
SWE_PORT0001,DNK_DEM01,,Pip,0.227696647
SWE_PORT0001,HUN_DEM01,,Pip,1.276707836
SWE_PORT0001,ITA_DEM01,,Pip,1.659709691
SWE_PORT0001,LUX_DEM01,,Pip,0.964841589
SWE_PORT0001,NLD_DEM01,,Pip,0.731984841
SWE_PORT0001,AUT_DEM01,,Pip,1.135969993
SWE_PORT0001,HRV_DEM01,,Pip,1.441891109
SWE_PORT0001,SWE_DEM01,,Pip,0.623582122
SWE_PORT0001,BGR_DEM01,,Pip,1.906083428
SWE_PORT0001,EST_DEM01,,Pip,0.803208279
SWE_PORT0001,FIN_DEM01,,Pip,1.075208412
SWE_PORT0001,POL_DEM01,,Pip,0.783111295
SWE_PORT0001,SVK_DEM01,,Pip,1.120013888
SWE_PORT0001,SVN_DEM01,,Pip,1.30452513
SWE_PORT0001,NOR_DEM01,,Pip,0.758641906
SVN_PORT0001,ESP_DEM01,,Pip,1.513738894
SVN_PORT0001,ESP_DEM01,,Pip,3.211407274
SWE_PORT0001,PRT_DEM01,,Pip,2.497647717
SWE_PORT0001,IRL_DEM01,,Pip,1.363325046
SVN_PORT0001,FIN_DEM01,,Pip,2.247394265
SVN_PORT0001,LVA_DEM01,,Pip,1.477726678
SVN_PORT0001,LTU_DEM01,,Pip,1.303744756
SVN_PORT0001,ROU_DEM01,,Pip,0.875337706
SWE_PORT0001,FRA_DEM01,,Pip,1.395288725
SWE_PORT0001,CHE_DEM01,,Pip,1.240402542
SWE_PORT0001,BEL_DEM01,,Pip,0.919318388
SWE_PORT0001,DEU_DEM01,,Pip,0.742786315
SWE_PORT0001,GBR_DEM01,,Pip,1.00723816
SWE_PORT0001,MLT_DEM01,,Pip,2.433281243
SWE_PORT0001,CYP_DEM01,,Pip,2.975980543
SWE_PORT0001,GRC_DEM01,,Pip,2.221076323
SVN_PORT0001,HRV_DEM01,,Pip,0.217474362
SVN_PORT0001,CZE_DEM01,,Pip,0.481893874
SVN_PORT0001,DNK_DEM01,,Pip,1.187110181
SVN_PORT0001,HUN_DEM01,,Pip,0.472914053
SVN_PORT0001,DEU_DEM01,,Pip,0.665681015
SVN_PORT0001,LUX_DEM01,,Pip,0.74098516
SVN_PORT0001,NLD_DEM01,,Pip,0.952288977
SVN_PORT0001,AUT_DEM01,,Pip,0.229602876
SVN_PORT0001,NOR_DEM01,,Pip,2.104201617
SVN_PORT0001,SWE_DEM01,,Pip,1.92876419
SVN_PORT0001,BGR_DEM01,,Pip,0.969766685
SVN_PORT0001,EST_DEM01,,Pip,1.663807676
SVN_PORT0001,ITA_DEM01,,Pip,0.333185926
SVN_PORT0001,POL_DEM01,,Pip,0.84106526
SVN_PORT0001,SVK_DEM01,,Pip,0.560634519
SVN_PORT0001,SVN_DEM01,,Pip,0.106642133
ROU_PORT0001,ROU_DEM01,,Pip,0.34378943
ROU_PORT0001,ESP_DEM01,,Pip,2.667045362
ROU_PORT0001,ESP_DEM01,,Pip,4.290181016
SVN_PORT0001,PRT_DEM01,,Pip,1.938021871
ROU_PORT0001,EST_DEM01,,Pip,1.626290072
ROU_PORT0001,FIN_DEM01,,Pip,2.266371978
ROU_PORT0001,LVA_DEM01,,Pip,1.433789973
ROU_PORT0001,LTU_DEM01,,Pip,1.286027909
SVN_PORT0001,GRC_DEM01,,Pip,1.04609256
SVN_PORT0001,FRA_DEM01,,Pip,0.871584794
SVN_PORT0001,CHE_DEM01,,Pip,0.446569629
SVN_PORT0001,BEL_DEM01,,Pip,0.880400316
SVN_PORT0001,IRL_DEM01,,Pip,1.791487603
SVN_PORT0001,GBR_DEM01,,Pip,1.525237718
SVN_PORT0001,MLT_DEM01,,Pip,1.074009914
SVN_PORT0001,CYP_DEM01,,Pip,2.017628814
NOR_PORT0001,LTU_DEM01,,Pip,1.287982536
NOR_PORT0001,ROU_DEM01,,Pip,2.203228958
NOR_PORT0001,ESP_DEM01,,Pip,2.540299141
NOR_PORT0001,ESP_DEM01,,Pip,4.114453925
NOR_PORT0001,DNK_DEM01,,Pip,0.757522185
NOR_PORT0001,HUN_DEM01,,Pip,1.896080937
NOR_PORT0001,ITA_DEM01,,Pip,2.223103199
NOR_PORT0001,POL_DEM01,,Pip,1.395824383
NOR_PORT0001,NLD_DEM01,,Pip,1.13888655
NOR_PORT0001,AUT_DEM01,,Pip,1.729699388
NOR_PORT0001,HRV_DEM01,,Pip,2.047175103
NOR_PORT0001,CZE_DEM01,,Pip,1.524175099
NOR_PORT0001,BGR_DEM01,,Pip,2.523293316
NOR_PORT0001,EST_DEM01,,Pip,1.138088819
NOR_PORT0001,FIN_DEM01,,Pip,1.023075521
NOR_PORT0001,LVA_DEM01,,Pip,1.222641754
NOR_PORT0001,SVK_DEM01,,Pip,1.739784406
NOR_PORT0001,SVN_DEM01,,Pip,1.900820609
NOR_PORT0001,NOR_DEM01,,Pip,0.452791326
NOR_PORT0001,SWE_DEM01,,Pip,0.543999565
SWE_PORT0001,ESP_DEM01,,Pip,3.908185189
NOR_PORT0001,PRT_DEM01,,Pip,2.729869686
NOR_PORT0001,IRL_DEM01,,Pip,1.332868019
NOR_PORT0001,GBR_DEM01,,Pip,1.064582867
SWE_PORT0001,LVA_DEM01,,Pip,0.786299438
SWE_PORT0001,LTU_DEM01,,Pip,0.77942864
SWE_PORT0001,ROU_DEM01,,Pip,1.591018813
SWE_PORT0001,ESP_DEM01,,Pip,2.222484144
NOR_PORT0001,CHE_DEM01,,Pip,1.748610934
NOR_PORT0001,BEL_DEM01,,Pip,1.319664473
NOR_PORT0001,DEU_DEM01,,Pip,1.290622266
NOR_PORT0001,LUX_DEM01,,Pip,1.413610973
NOR_PORT0001,MLT_DEM01,,Pip,3.011135344
NOR_PORT0001,CYP_DEM01,,Pip,3.583654364
NOR_PORT0001,GRC_DEM01,,Pip,2.840114258
NOR_PORT0001,FRA_DEM01,,Pip,1.784695925
LVA_PORT0001,LUX_DEM01,,Pip,1.434269358
LVA_PORT0001,NLD_DEM01,,Pip,1.299796411
LVA_PORT0001,AUT_DEM01,,Pip,1.24057458
LVA_PORT0001,HRV_DEM01,,Pip,1.427111822
LVA_PORT0001,FRA_DEM01,,Pip,1.870250571
LVA_PORT0001,CHE_DEM01,,Pip,1.563803308
LVA_PORT0001,BEL_DEM01,,Pip,1.453420979
LVA_PORT0001,DEU_DEM01,,Pip,1.105787133
LVA_PORT0001,POL_DEM01,,Pip,0.616751768
LVA_PORT0001,SVK_DEM01,,Pip,0.967565014
LVA_PORT0001,SVN_DEM01,,Pip,1.362610589
LVA_PORT0001,NOR_DEM01,,Pip,0.996634216
LVA_PORT0001,CZE_DEM01,,Pip,0.990104291
LVA_PORT0001,DNK_DEM01,,Pip,0.872183808
LVA_PORT0001,HUN_DEM01,,Pip,1.134071096
LVA_PORT0001,ITA_DEM01,,Pip,1.789941523
IRL_PORT0001,FIN_DEM01,,Pip,2.210389315
IRL_PORT0001,LVA_DEM01,,Pip,2.010272845
IRL_PORT0001,LTU_DEM01,,Pip,1.958047994
IRL_PORT0001,ROU_DEM01,,Pip,2.382929698
IRL_PORT0001,NOR_DEM01,,Pip,1.690296917
IRL_PORT0001,SWE_DEM01,,Pip,1.70201059
IRL_PORT0001,BGR_DEM01,,Pip,2.59610005
IRL_PORT0001,EST_DEM01,,Pip,2.047650026
LVA_PORT0001,GBR_DEM01,,Pip,1.720453021
LVA_PORT0001,MLT_DEM01,,Pip,2.449932736
LVA_PORT0001,CYP_DEM01,,Pip,2.529366736
LVA_PORT0001,GRC_DEM01,,Pip,1.989555607
IRL_PORT0001,ESP_DEM01,,Pip,1.454607409
IRL_PORT0001,ESP_DEM01,,Pip,2.881713304
LVA_PORT0001,PRT_DEM01,,Pip,3.048947559
LVA_PORT0001,IRL_DEM01,,Pip,2.082706117
IRL_PORT0001,DEU_DEM01,,Pip,1.161173065
IRL_PORT0001,LUX_DEM01,,Pip,0.94138829
IRL_PORT0001,NLD_DEM01,,Pip,0.808175177
IRL_PORT0001,AUT_DEM01,,Pip,1.575105681
IRL_PORT0001,GRC_DEM01,,Pip,2.725135802
IRL_PORT0001,FRA_DEM01,,Pip,0.981260986
IRL_PORT0001,CHE_DEM01,,Pip,1.26227815
IRL_PORT0001,BEL_DEM01,,Pip,0.806192996
IRL_PORT0001,ITA_DEM01,,Pip,1.789872478
IRL_PORT0001,POL_DEM01,,Pip,1.72864793
IRL_PORT0001,SVK_DEM01,,Pip,1.866488519
IRL_PORT0001,SVN_DEM01,,Pip,1.709074839
IRL_PORT0001,HRV_DEM01,,Pip,1.879428578
IRL_PORT0001,CZE_DEM01,,Pip,1.543499179
IRL_PORT0001,DNK_DEM01,,Pip,1.088993813
IRL_PORT0001,HUN_DEM01,,Pip,1.941683114
DEU_PORT0001,EST_DEM01,,Pip,1.118350153
DEU_PORT0001,FIN_DEM01,,Pip,1.527130711
DEU_PORT0001,LVA_DEM01,,Pip,1.017166859
DEU_PORT0001,LTU_DEM01,,Pip,0.922067223
DEU_PORT0001,SVN_DEM01,,Pip,0.895770108
DEU_PORT0001,NOR_DEM01,,Pip,1.23583914
DEU_PORT0001,SWE_DEM01,,Pip,1.101574628
DEU_PORT0001,BGR_DEM01,,Pip,1.643892012
IRL_PORT0001,IRL_DEM01,,Pip,0.128109823
IRL_PORT0001,GBR_DEM01,,Pip,0.239393569
IRL_PORT0001,MLT_DEM01,,Pip,2.521441762
IRL_PORT0001,CYP_DEM01,,Pip,3.683385152
DEU_PORT0001,ROU_DEM01,,Pip,1.374487545
DEU_PORT0001,ESP_DEM01,,Pip,1.781202909
DEU_PORT0001,ESP_DEM01,,Pip,3.497077671
IRL_PORT0001,PRT_DEM01,,Pip,1.536556679
ROU_PORT0001,AUT_DEM01,,Pip,1.186155453
ROU_PORT0001,HRV_DEM01,,Pip,0.97517849
ROU_PORT0001,CZE_DEM01,,Pip,1.1842106
ROU_PORT0001,DNK_DEM01,,Pip,1.856939038
ROU_PORT0001,BEL_DEM01,,Pip,1.9366504
ROU_PORT0001,DEU_DEM01,,Pip,1.566784107
ROU_PORT0001,LUX_DEM01,,Pip,1.817178505
ROU_PORT0001,NLD_DEM01,,Pip,1.92100489
ROU_PORT0001,SVN_DEM01,,Pip,1.106693933
ROU_PORT0001,NOR_DEM01,,Pip,2.432840809
ROU_PORT0001,SWE_DEM01,,Pip,2.208132805
ROU_PORT0001,BGR_DEM01,,Pip,0.31849965
ROU_PORT0001,HUN_DEM01,,Pip,0.791708709
ROU_PORT0001,ITA_DEM01,,Pip,1.34752675
ROU_PORT0001,POL_DEM01,,Pip,1.117635494
ROU_PORT0001,SVK_DEM01,,Pip,0.863987658
MLT_PORT0001,LTU_DEM01,,Pip,2.282612661
MLT_PORT0001,ROU_DEM01,,Pip,1.415325104
MLT_PORT0001,ESP_DEM01,,Pip,1.65603955
MLT_PORT0001,ESP_DEM01,,Pip,2.957036221
MLT_PORT0001,BGR_DEM01,,Pip,1.199642556
MLT_PORT0001,EST_DEM01,,Pip,2.664150666
MLT_PORT0001,FIN_DEM01,,Pip,3.284673798
MLT_PORT0001,LVA_DEM01,,Pip,2.463720101
ROU_PORT0001,CYP_DEM01,,Pip,1.087345858
ROU_PORT0001,GRC_DEM01,,Pip,0.739586751
ROU_PORT0001,FRA_DEM01,,Pip,2.051823239
ROU_PORT0001,CHE_DEM01,,Pip,1.617366679
ROU_PORT0001,PRT_DEM01,,Pip,3.10277778
ROU_PORT0001,IRL_DEM01,,Pip,2.850779702
ROU_PORT0001,GBR_DEM01,,Pip,2.525435734
ROU_PORT0001,MLT_DEM01,,Pip,1.518941958
MLT_PORT0001,NLD_DEM01,,Pip,1.955180595
MLT_PORT0001,AUT_DEM01,,Pip,1.306519025
MLT_PORT0001,HRV_DEM01,,Pip,1.035827942
MLT_PORT0001,CZE_DEM01,,Pip,1.546575074
MLT_PORT0001,CHE_DEM01,,Pip,1.326392807
MLT_PORT0001,BEL_DEM01,,Pip,1.826408481
MLT_PORT0001,DEU_DEM01,,Pip,1.728915773
MLT_PORT0001,LUX_DEM01,,Pip,1.692815916
MLT_PORT0001,SVK_DEM01,,Pip,1.486563665
MLT_PORT0001,SVN_DEM01,,Pip,1.143034694
MLT_PORT0001,NOR_DEM01,,Pip,3.18291003
MLT_PORT0001,SWE_DEM01,,Pip,3.001799398
MLT_PORT0001,DNK_DEM01,,Pip,2.263198437
MLT_PORT0001,HUN_DEM01,,Pip,1.322314019
MLT_PORT0001,ITA_DEM01,,Pip,0.801499054
MLT_PORT0001,POL_DEM01,,Pip,1.850738203
LVA_PORT0001,LVA_DEM01,,Pip,0.051137382
LVA_PORT0001,LTU_DEM01,,Pip,0.17976546
LVA_PORT0001,ROU_DEM01,,Pip,1.236631352
LVA_PORT0001,ESP_DEM01,,Pip,2.709028071
LVA_PORT0001,SWE_DEM01,,Pip,0.769767132
LVA_PORT0001,BGR_DEM01,,Pip,1.579708918
LVA_PORT0001,EST_DEM01,,Pip,0.210196599
LVA_PORT0001,FIN_DEM01,,Pip,0.849834122
MLT_PORT0001,MLT_DEM01,,Pip,0.010413064
MLT_PORT0001,CYP_DEM01,,Pip,1.696529212
MLT_PORT0001,GRC_DEM01,,Pip,0.827079897
MLT_PORT0001,FRA_DEM01,,Pip,1.55532524
LVA_PORT0001,ESP_DEM01,,Pip,4.444016596
MLT_PORT0001,PRT_DEM01,,Pip,2.072733996
MLT_PORT0001,IRL_DEM01,,Pip,2.617184931
MLT_PORT0001,GBR_DEM01,,Pip,2.441847233
EST_PORT0001,FRA_DEM01,,Pip,2.047535226
EST_PORT0001,CHE_DEM01,,Pip,1.777467625
EST_PORT0001,BEL_DEM01,,Pip,1.60300856
EST_PORT0001,DEU_DEM01,,Pip,1.294836668
EST_PORT0001,GBR_DEM01,,Pip,1.772315869
EST_PORT0001,MLT_DEM01,,Pip,2.721932875
EST_PORT0001,CYP_DEM01,,Pip,2.781201239
EST_PORT0001,GRC_DEM01,,Pip,2.268309596
EST_PORT0001,CZE_DEM01,,Pip,1.235236756
EST_PORT0001,DNK_DEM01,,Pip,0.954640887
EST_PORT0001,HUN_DEM01,,Pip,1.409390048
EST_PORT0001,ITA_DEM01,,Pip,2.044216288
EST_PORT0001,LUX_DEM01,,Pip,1.605148734
EST_PORT0001,NLD_DEM01,,Pip,1.432828067
EST_PORT0001,AUT_DEM01,,Pip,1.489303622
EST_PORT0001,HRV_DEM01,,Pip,1.695140801
DNK_PORT0001,NOR_DEM01,,Pip,0.948531971
DNK_PORT0001,SWE_DEM01,,Pip,0.826027792
DNK_PORT0001,BGR_DEM01,,Pip,1.835974413
DNK_PORT0001,EST_DEM01,,Pip,0.959696037
DNK_PORT0001,ITA_DEM01,,Pip,1.491163305
DNK_PORT0001,POL_DEM01,,Pip,0.748051509
DNK_PORT0001,SVK_DEM01,,Pip,1.039189994
DNK_PORT0001,SVN_DEM01,,Pip,1.160511055
DNK_PORT0001,ESP_DEM01,,Pip,2.018737986
DNK_PORT0001,ESP_DEM01,,Pip,3.709375517
EST_PORT0001,PRT_DEM01,,Pip,3.206999119
EST_PORT0001,IRL_DEM01,,Pip,2.125622508
DNK_PORT0001,FIN_DEM01,,Pip,1.278215718
DNK_PORT0001,LVA_DEM01,,Pip,0.907640265
DNK_PORT0001,LTU_DEM01,,Pip,0.862610837
DNK_PORT0001,ROU_DEM01,,Pip,1.5386576
DNK_PORT0001,GRC_DEM01,,Pip,2.119243798
DNK_PORT0001,FRA_DEM01,,Pip,1.190910797
DNK_PORT0001,CHE_DEM01,,Pip,1.048937362
DNK_PORT0001,BEL_DEM01,,Pip,0.715083578
DNK_PORT0001,IRL_DEM01,,Pip,1.226422424
DNK_PORT0001,GBR_DEM01,,Pip,0.863426637
DNK_PORT0001,MLT_DEM01,,Pip,2.274463077
DNK_PORT0001,CYP_DEM01,,Pip,2.923961075
DNK_PORT0001,HRV_DEM01,,Pip,1.308928928
DNK_PORT0001,CZE_DEM01,,Pip,0.79126598
DNK_PORT0001,DNK_DEM01,,Pip,0.023331137
DNK_PORT0001,HUN_DEM01,,Pip,1.182658398
DNK_PORT0001,DEU_DEM01,,Pip,0.561445395
DNK_PORT0001,LUX_DEM01,,Pip,0.76187922
DNK_PORT0001,NLD_DEM01,,Pip,0.528354913
DNK_PORT0001,AUT_DEM01,,Pip,0.98929438
BGR_PORT0001,SVN_DEM01,,Pip,1.084155882
BGR_PORT0001,NOR_DEM01,,Pip,2.585986412
BGR_PORT0001,SWE_DEM01,,Pip,2.36360432
BGR_PORT0001,BGR_DEM01,,Pip,0.185603677
BGR_PORT0001,HUN_DEM01,,Pip,0.820126522
BGR_PORT0001,ITA_DEM01,,Pip,1.261150023
BGR_PORT0001,POL_DEM01,,Pip,1.22932124
BGR_PORT0001,SVK_DEM01,,Pip,0.92754865
BGR_PORT0001,ROU_DEM01,,Pip,0.421201532
BGR_PORT0001,ESP_DEM01,,Pip,2.583480377
BGR_PORT0001,ESP_DEM01,,Pip,4.168010334
DNK_PORT0001,PRT_DEM01,,Pip,2.298915051
BGR_PORT0001,EST_DEM01,,Pip,1.803570856
BGR_PORT0001,FIN_DEM01,,Pip,2.448985987
BGR_PORT0001,LVA_DEM01,,Pip,1.606392871
BGR_PORT0001,LTU_DEM01,,Pip,1.450042581
DEU_PORT0001,BEL_DEM01,,Pip,0.487676088
DEU_PORT0001,DEU_DEM01,,Pip,0.273337931
DEU_PORT0001,LUX_DEM01,,Pip,0.49973534
DEU_PORT0001,NLD_DEM01,,Pip,0.328807643
DEU_PORT0001,CYP_DEM01,,Pip,2.743222726
DEU_PORT0001,GRC_DEM01,,Pip,1.887851757
DEU_PORT0001,FRA_DEM01,,Pip,0.941110039
DEU_PORT0001,CHE_DEM01,,Pip,0.76099645
DEU_PORT0001,HUN_DEM01,,Pip,0.974991788
DEU_PORT0001,ITA_DEM01,,Pip,1.205691922
DEU_PORT0001,POL_DEM01,,Pip,0.653008271
DEU_PORT0001,SVK_DEM01,,Pip,0.854605678
DEU_PORT0001,AUT_DEM01,,Pip,0.724639816
DEU_PORT0001,HRV_DEM01,,Pip,1.053250084
DEU_PORT0001,CZE_DEM01,,Pip,0.562169167
DEU_PORT0001,DNK_DEM01,,Pip,0.268597538
FIN_PORT0001,BGR_DEM01,,Pip,1.97315097
FIN_PORT0001,EST_DEM01,,Pip,0.214564085
FIN_PORT0001,FIN_DEM01,,Pip,0.450817398
FIN_PORT0001,LVA_DEM01,,Pip,0.418185784
FIN_PORT0001,SVK_DEM01,,Pip,1.392107747
FIN_PORT0001,SVN_DEM01,,Pip,1.781716565
FIN_PORT0001,NOR_DEM01,,Pip,0.794950575
FIN_PORT0001,SWE_DEM01,,Pip,0.597747851
DEU_PORT0001,PRT_DEM01,,Pip,2.091614288
DEU_PORT0001,IRL_DEM01,,Pip,1.205302182
DEU_PORT0001,GBR_DEM01,,Pip,0.849629747
DEU_PORT0001,MLT_DEM01,,Pip,1.992931525
FIN_PORT0001,LTU_DEM01,,Pip,0.598682921
FIN_PORT0001,ROU_DEM01,,Pip,1.632388974
FIN_PORT0001,ESP_DEM01,,Pip,3.055461695
FIN_PORT0001,ESP_DEM01,,Pip,4.775501371
