Zone_export,Zone_import
MAR_EXPP1,ESP_IMPP2
DZA_EXPP1,ESP_IMPP1
LBY_EXPP1,ITA_IMPP2
TUR_EXPP3,GRC_IMPP1
RUS_EXPP3,DEU_IMPP4
RUS_EXPP2,DEU_IMPP3
NOR_EXPP1,DEU_IMPP1
NOR_EXPP1,DEU_IMPP2
NOR_EXPP3,FRA_IMPP1
NOR_EXPP3,GBR_IMPP2
TUN_EXPP1,ITA_IMPP1
NOR_EXPP2,DEU_IMPP5
NOR_EXPP2,DEU_IMPP2
NOR_EXPP3,GBR_IMPP1
DZA_EXPP2,ESP_IMPP2
DZA_EXPP2,ITA_IMPP1
TUR_EXPP2,GRC_IMPP1
UKR_EXPP1,ROU_IMPP1
UKR_EXPP4,ROU_IMPP2
UKR_EXPP2,HUN_IMPP1
UKR_EXPP3,SVK_IMPP1
UKR_EXPP5,POL_IMPP3
BLR_EXPP1,POL_IMPP1
BLR_EXPP2,POL_IMPP2
BLR_EXPP3,LTU_IMPP1
RUS_EXPP1,EST_IMPP1
RUS_EXPP4,FIN_IMPP1
RUS_EXPP2,EST_IMPP2
YEM_EXP01,BGR_IMP01
YEM_EXP01,DNK_IMP01
YEM_EXP01,EST_IMP01
YEM_EXP01,FIN_IMP01
YEM_EXP01,DEU_IMP01
YEM_EXP01,IRL_IMP01
YEM_EXP01,LVA_IMP01
YEM_EXP01,MLT_IMP01
YEM_EXP01,ROU_IMP01
YEM_EXP01,SVN_IMP01
YEM_EXP01,SWE_IMP01
YEM_EXP01,NOR_IMP01
YEM_EXP01,BEL_IMP01
YEM_EXP01,CYP_IMP01
YEM_EXP01,ESP_IMP01
YEM_EXP01,FRA_IMP01
YEM_EXP01,GBR_IMP01
YEM_EXP01,GRC_IMP01
YEM_EXP01,HRV_IMP01
YEM_EXP01,ITA_IMP01
YEM_EXP01,LTU_IMP01
YEM_EXP01,NLD_IMP01
YEM_EXP01,POL_IMP01
YEM_EXP01,PRT_IMP01
WLF_EXP01,BGR_IMP01
WLF_EXP01,DNK_IMP01
WLF_EXP01,EST_IMP01
WLF_EXP01,FIN_IMP01
WLF_EXP01,DEU_IMP01
WLF_EXP01,IRL_IMP01
WLF_EXP01,LVA_IMP01
WLF_EXP01,MLT_IMP01
WLF_EXP01,ROU_IMP01
WLF_EXP01,SVN_IMP01
WLF_EXP01,SWE_IMP01
WLF_EXP01,NOR_IMP01
WLF_EXP01,BEL_IMP01
WLF_EXP01,CYP_IMP01
WLF_EXP01,ESP_IMP01
WLF_EXP01,FRA_IMP01
WLF_EXP01,GBR_IMP01
WLF_EXP01,GRC_IMP01
WLF_EXP01,HRV_IMP01
WLF_EXP01,ITA_IMP01
WLF_EXP01,LTU_IMP01
WLF_EXP01,NLD_IMP01
WLF_EXP01,POL_IMP01
WLF_EXP01,PRT_IMP01
VGB_EXP01,BGR_IMP01
VGB_EXP01,DNK_IMP01
VGB_EXP01,EST_IMP01
VGB_EXP01,FIN_IMP01
VGB_EXP01,DEU_IMP01
VGB_EXP01,IRL_IMP01
VGB_EXP01,LVA_IMP01
VGB_EXP01,MLT_IMP01
VGB_EXP01,ROU_IMP01
VGB_EXP01,SVN_IMP01
VGB_EXP01,SWE_IMP01
VGB_EXP01,NOR_IMP01
VGB_EXP01,BEL_IMP01
VGB_EXP01,CYP_IMP01
VGB_EXP01,ESP_IMP01
VGB_EXP01,FRA_IMP01
VGB_EXP01,GBR_IMP01
VGB_EXP01,GRC_IMP01
VGB_EXP01,HRV_IMP01
VGB_EXP01,ITA_IMP01
VGB_EXP01,LTU_IMP01
VGB_EXP01,NLD_IMP01
VGB_EXP01,POL_IMP01
VGB_EXP01,PRT_IMP01
VNM_EXP01,BGR_IMP01
VNM_EXP01,DNK_IMP01
VNM_EXP01,EST_IMP01
VNM_EXP01,FIN_IMP01
VNM_EXP01,DEU_IMP01
VNM_EXP01,IRL_IMP01
VNM_EXP01,LVA_IMP01
VNM_EXP01,MLT_IMP01
VNM_EXP01,ROU_IMP01
VNM_EXP01,SVN_IMP01
VNM_EXP01,SWE_IMP01
VNM_EXP01,NOR_IMP01
VNM_EXP01,BEL_IMP01
VNM_EXP01,CYP_IMP01
VNM_EXP01,ESP_IMP01
VNM_EXP01,FRA_IMP01
VNM_EXP01,GBR_IMP01
VNM_EXP01,GRC_IMP01
VNM_EXP01,HRV_IMP01
VNM_EXP01,ITA_IMP01
VNM_EXP01,LTU_IMP01
VNM_EXP01,NLD_IMP01
VNM_EXP01,POL_IMP01
VNM_EXP01,PRT_IMP01
VEN_EXP01,BGR_IMP01
VEN_EXP01,DNK_IMP01
VEN_EXP01,EST_IMP01
VEN_EXP01,FIN_IMP01
VEN_EXP01,DEU_IMP01
VEN_EXP01,IRL_IMP01
VEN_EXP01,LVA_IMP01
VEN_EXP01,MLT_IMP01
VEN_EXP01,ROU_IMP01
VEN_EXP01,SVN_IMP01
VEN_EXP01,SWE_IMP01
VEN_EXP01,NOR_IMP01
VEN_EXP01,BEL_IMP01
VEN_EXP01,CYP_IMP01
VEN_EXP01,ESP_IMP01
VEN_EXP01,FRA_IMP01
VEN_EXP01,GBR_IMP01
VEN_EXP01,GRC_IMP01
VEN_EXP01,HRV_IMP01
VEN_EXP01,ITA_IMP01
VEN_EXP01,LTU_IMP01
VEN_EXP01,NLD_IMP01
VEN_EXP01,POL_IMP01
VEN_EXP01,PRT_IMP01
VUT_EXP01,BGR_IMP01
VUT_EXP01,DNK_IMP01
VUT_EXP01,EST_IMP01
VUT_EXP01,FIN_IMP01
VUT_EXP01,DEU_IMP01
VUT_EXP01,IRL_IMP01
VUT_EXP01,LVA_IMP01
VUT_EXP01,MLT_IMP01
VUT_EXP01,ROU_IMP01
VUT_EXP01,SVN_IMP01
VUT_EXP01,SWE_IMP01
VUT_EXP01,NOR_IMP01
VUT_EXP01,BEL_IMP01
VUT_EXP01,CYP_IMP01
VUT_EXP01,ESP_IMP01
VUT_EXP01,FRA_IMP01
VUT_EXP01,GBR_IMP01
VUT_EXP01,GRC_IMP01
VUT_EXP01,HRV_IMP01
VUT_EXP01,ITA_IMP01
VUT_EXP01,LTU_IMP01
VUT_EXP01,NLD_IMP01
VUT_EXP01,POL_IMP01
VUT_EXP01,PRT_IMP01
URY_EXP01,BGR_IMP01
URY_EXP01,DNK_IMP01
URY_EXP01,EST_IMP01
URY_EXP01,FIN_IMP01
URY_EXP01,DEU_IMP01
URY_EXP01,IRL_IMP01
URY_EXP01,LVA_IMP01
URY_EXP01,MLT_IMP01
URY_EXP01,ROU_IMP01
URY_EXP01,SVN_IMP01
URY_EXP01,SWE_IMP01
URY_EXP01,NOR_IMP01
URY_EXP01,BEL_IMP01
URY_EXP01,CYP_IMP01
URY_EXP01,ESP_IMP01
URY_EXP01,FRA_IMP01
URY_EXP01,GBR_IMP01
URY_EXP01,GRC_IMP01
URY_EXP01,HRV_IMP01
URY_EXP01,ITA_IMP01
URY_EXP01,LTU_IMP01
URY_EXP01,NLD_IMP01
URY_EXP01,POL_IMP01
URY_EXP01,PRT_IMP01
USA_EXP01,BGR_IMP01
USA_EXP01,DNK_IMP01
USA_EXP01,EST_IMP01
USA_EXP01,FIN_IMP01
USA_EXP01,DEU_IMP01
USA_EXP01,IRL_IMP01
USA_EXP01,LVA_IMP01
USA_EXP01,MLT_IMP01
USA_EXP01,ROU_IMP01
USA_EXP01,SVN_IMP01
USA_EXP01,SWE_IMP01
USA_EXP01,NOR_IMP01
USA_EXP01,BEL_IMP01
USA_EXP01,CYP_IMP01
USA_EXP01,ESP_IMP01
USA_EXP01,FRA_IMP01
USA_EXP01,GBR_IMP01
USA_EXP01,GRC_IMP01
USA_EXP01,HRV_IMP01
USA_EXP01,ITA_IMP01
USA_EXP01,LTU_IMP01
USA_EXP01,NLD_IMP01
USA_EXP01,POL_IMP01
USA_EXP01,PRT_IMP01
ARE_EXP01,BGR_IMP01
ARE_EXP01,DNK_IMP01
ARE_EXP01,EST_IMP01
ARE_EXP01,FIN_IMP01
ARE_EXP01,DEU_IMP01
ARE_EXP01,IRL_IMP01
ARE_EXP01,LVA_IMP01
ARE_EXP01,MLT_IMP01
ARE_EXP01,ROU_IMP01
ARE_EXP01,SVN_IMP01
ARE_EXP01,SWE_IMP01
ARE_EXP01,NOR_IMP01
ARE_EXP01,BEL_IMP01
ARE_EXP01,CYP_IMP01
ARE_EXP01,ESP_IMP01
ARE_EXP01,FRA_IMP01
ARE_EXP01,GBR_IMP01
ARE_EXP01,GRC_IMP01
ARE_EXP01,HRV_IMP01
ARE_EXP01,ITA_IMP01
ARE_EXP01,LTU_IMP01
ARE_EXP01,NLD_IMP01
ARE_EXP01,POL_IMP01
ARE_EXP01,PRT_IMP01
UKR_EXP01,BGR_IMP01
UKR_EXP01,DNK_IMP01
UKR_EXP01,EST_IMP01
UKR_EXP01,FIN_IMP01
UKR_EXP01,DEU_IMP01
UKR_EXP01,IRL_IMP01
UKR_EXP01,LVA_IMP01
UKR_EXP01,MLT_IMP01
UKR_EXP01,ROU_IMP01
UKR_EXP01,SVN_IMP01
UKR_EXP01,SWE_IMP01
UKR_EXP01,NOR_IMP01
UKR_EXP01,BEL_IMP01
UKR_EXP01,CYP_IMP01
UKR_EXP01,ESP_IMP01
UKR_EXP01,FRA_IMP01
UKR_EXP01,GBR_IMP01
UKR_EXP01,GRC_IMP01
UKR_EXP01,HRV_IMP01
UKR_EXP01,ITA_IMP01
UKR_EXP01,LTU_IMP01
UKR_EXP01,NLD_IMP01
UKR_EXP01,POL_IMP01
UKR_EXP01,PRT_IMP01
TUR_EXP01,BGR_IMP01
TUR_EXP01,DNK_IMP01
TUR_EXP01,EST_IMP01
TUR_EXP01,FIN_IMP01
TUR_EXP01,DEU_IMP01
TUR_EXP01,IRL_IMP01
TUR_EXP01,LVA_IMP01
TUR_EXP01,MLT_IMP01
TUR_EXP01,ROU_IMP01
TUR_EXP01,SVN_IMP01
TUR_EXP01,SWE_IMP01
TUR_EXP01,NOR_IMP01
TUR_EXP01,BEL_IMP01
TUR_EXP01,CYP_IMP01
TUR_EXP01,ESP_IMP01
TUR_EXP01,FRA_IMP01
TUR_EXP01,GBR_IMP01
TUR_EXP01,GRC_IMP01
TUR_EXP01,HRV_IMP01
TUR_EXP01,ITA_IMP01
TUR_EXP01,LTU_IMP01
TUR_EXP01,NLD_IMP01
TUR_EXP01,POL_IMP01
TUR_EXP01,PRT_IMP01
TUN_EXP01,BGR_IMP01
TUN_EXP01,DNK_IMP01
TUN_EXP01,EST_IMP01
TUN_EXP01,FIN_IMP01
TUN_EXP01,DEU_IMP01
TUN_EXP01,IRL_IMP01
TUN_EXP01,LVA_IMP01
TUN_EXP01,MLT_IMP01
TUN_EXP01,ROU_IMP01
TUN_EXP01,SVN_IMP01
TUN_EXP01,SWE_IMP01
TUN_EXP01,NOR_IMP01
TUN_EXP01,BEL_IMP01
TUN_EXP01,CYP_IMP01
TUN_EXP01,ESP_IMP01
TUN_EXP01,FRA_IMP01
TUN_EXP01,GBR_IMP01
TUN_EXP01,GRC_IMP01
TUN_EXP01,HRV_IMP01
TUN_EXP01,ITA_IMP01
TUN_EXP01,LTU_IMP01
TUN_EXP01,NLD_IMP01
TUN_EXP01,POL_IMP01
TUN_EXP01,PRT_IMP01
TTO_EXP01,BGR_IMP01
TTO_EXP01,DNK_IMP01
TTO_EXP01,EST_IMP01
TTO_EXP01,FIN_IMP01
TTO_EXP01,DEU_IMP01
TTO_EXP01,IRL_IMP01
TTO_EXP01,LVA_IMP01
TTO_EXP01,MLT_IMP01
TTO_EXP01,ROU_IMP01
TTO_EXP01,SVN_IMP01
TTO_EXP01,SWE_IMP01
TTO_EXP01,NOR_IMP01
TTO_EXP01,BEL_IMP01
TTO_EXP01,CYP_IMP01
TTO_EXP01,ESP_IMP01
TTO_EXP01,FRA_IMP01
TTO_EXP01,GBR_IMP01
TTO_EXP01,GRC_IMP01
TTO_EXP01,HRV_IMP01
TTO_EXP01,ITA_IMP01
TTO_EXP01,LTU_IMP01
TTO_EXP01,NLD_IMP01
TTO_EXP01,POL_IMP01
TTO_EXP01,PRT_IMP01
TON_EXP01,BGR_IMP01
TON_EXP01,DNK_IMP01
TON_EXP01,EST_IMP01
TON_EXP01,FIN_IMP01
TON_EXP01,DEU_IMP01
TON_EXP01,IRL_IMP01
TON_EXP01,LVA_IMP01
TON_EXP01,MLT_IMP01
TON_EXP01,ROU_IMP01
TON_EXP01,SVN_IMP01
TON_EXP01,SWE_IMP01
TON_EXP01,NOR_IMP01
TON_EXP01,BEL_IMP01
TON_EXP01,CYP_IMP01
TON_EXP01,ESP_IMP01
TON_EXP01,FRA_IMP01
TON_EXP01,GBR_IMP01
TON_EXP01,GRC_IMP01
TON_EXP01,HRV_IMP01
TON_EXP01,ITA_IMP01
TON_EXP01,LTU_IMP01
TON_EXP01,NLD_IMP01
TON_EXP01,POL_IMP01
TON_EXP01,PRT_IMP01
TGO_EXP01,BGR_IMP01
TGO_EXP01,DNK_IMP01
TGO_EXP01,EST_IMP01
TGO_EXP01,FIN_IMP01
TGO_EXP01,DEU_IMP01
TGO_EXP01,IRL_IMP01
TGO_EXP01,LVA_IMP01
TGO_EXP01,MLT_IMP01
TGO_EXP01,ROU_IMP01
TGO_EXP01,SVN_IMP01
TGO_EXP01,SWE_IMP01
TGO_EXP01,NOR_IMP01
TGO_EXP01,BEL_IMP01
TGO_EXP01,CYP_IMP01
TGO_EXP01,ESP_IMP01
TGO_EXP01,FRA_IMP01
TGO_EXP01,GBR_IMP01
TGO_EXP01,GRC_IMP01
TGO_EXP01,HRV_IMP01
TGO_EXP01,ITA_IMP01
TGO_EXP01,LTU_IMP01
TGO_EXP01,NLD_IMP01
TGO_EXP01,POL_IMP01
TGO_EXP01,PRT_IMP01
TLS_EXP01,BGR_IMP01
TLS_EXP01,DNK_IMP01
TLS_EXP01,EST_IMP01
TLS_EXP01,FIN_IMP01
TLS_EXP01,DEU_IMP01
TLS_EXP01,IRL_IMP01
TLS_EXP01,LVA_IMP01
TLS_EXP01,MLT_IMP01
TLS_EXP01,ROU_IMP01
TLS_EXP01,SVN_IMP01
TLS_EXP01,SWE_IMP01
TLS_EXP01,NOR_IMP01
TLS_EXP01,BEL_IMP01
TLS_EXP01,CYP_IMP01
TLS_EXP01,ESP_IMP01
TLS_EXP01,FRA_IMP01
TLS_EXP01,GBR_IMP01
TLS_EXP01,GRC_IMP01
TLS_EXP01,HRV_IMP01
TLS_EXP01,ITA_IMP01
TLS_EXP01,LTU_IMP01
TLS_EXP01,NLD_IMP01
TLS_EXP01,POL_IMP01
TLS_EXP01,PRT_IMP01
THA_EXP01,BGR_IMP01
THA_EXP01,DNK_IMP01
THA_EXP01,EST_IMP01
THA_EXP01,FIN_IMP01
THA_EXP01,DEU_IMP01
THA_EXP01,IRL_IMP01
THA_EXP01,LVA_IMP01
THA_EXP01,MLT_IMP01
THA_EXP01,ROU_IMP01
THA_EXP01,SVN_IMP01
THA_EXP01,SWE_IMP01
THA_EXP01,NOR_IMP01
THA_EXP01,BEL_IMP01
THA_EXP01,CYP_IMP01
THA_EXP01,ESP_IMP01
THA_EXP01,FRA_IMP01
THA_EXP01,GBR_IMP01
THA_EXP01,GRC_IMP01
THA_EXP01,HRV_IMP01
THA_EXP01,ITA_IMP01
THA_EXP01,LTU_IMP01
THA_EXP01,NLD_IMP01
THA_EXP01,POL_IMP01
THA_EXP01,PRT_IMP01
TZA_EXP01,BGR_IMP01
TZA_EXP01,DNK_IMP01
TZA_EXP01,EST_IMP01
TZA_EXP01,FIN_IMP01
TZA_EXP01,DEU_IMP01
TZA_EXP01,IRL_IMP01
TZA_EXP01,LVA_IMP01
TZA_EXP01,MLT_IMP01
TZA_EXP01,ROU_IMP01
TZA_EXP01,SVN_IMP01
TZA_EXP01,SWE_IMP01
TZA_EXP01,NOR_IMP01
TZA_EXP01,BEL_IMP01
TZA_EXP01,CYP_IMP01
TZA_EXP01,ESP_IMP01
TZA_EXP01,FRA_IMP01
TZA_EXP01,GBR_IMP01
TZA_EXP01,GRC_IMP01
TZA_EXP01,HRV_IMP01
TZA_EXP01,ITA_IMP01
TZA_EXP01,LTU_IMP01
TZA_EXP01,NLD_IMP01
TZA_EXP01,POL_IMP01
TZA_EXP01,PRT_IMP01
TWN_EXP01,BGR_IMP01
TWN_EXP01,DNK_IMP01
TWN_EXP01,EST_IMP01
TWN_EXP01,FIN_IMP01
TWN_EXP01,DEU_IMP01
TWN_EXP01,IRL_IMP01
TWN_EXP01,LVA_IMP01
TWN_EXP01,MLT_IMP01
TWN_EXP01,ROU_IMP01
TWN_EXP01,SVN_IMP01
TWN_EXP01,SWE_IMP01
TWN_EXP01,NOR_IMP01
TWN_EXP01,BEL_IMP01
TWN_EXP01,CYP_IMP01
TWN_EXP01,ESP_IMP01
TWN_EXP01,FRA_IMP01
TWN_EXP01,GBR_IMP01
TWN_EXP01,GRC_IMP01
TWN_EXP01,HRV_IMP01
TWN_EXP01,ITA_IMP01
TWN_EXP01,LTU_IMP01
TWN_EXP01,NLD_IMP01
TWN_EXP01,POL_IMP01
TWN_EXP01,PRT_IMP01
SYR_EXP01,BGR_IMP01
SYR_EXP01,DNK_IMP01
SYR_EXP01,EST_IMP01
SYR_EXP01,FIN_IMP01
SYR_EXP01,DEU_IMP01
SYR_EXP01,IRL_IMP01
SYR_EXP01,LVA_IMP01
SYR_EXP01,MLT_IMP01
SYR_EXP01,ROU_IMP01
SYR_EXP01,SVN_IMP01
SYR_EXP01,SWE_IMP01
SYR_EXP01,NOR_IMP01
SYR_EXP01,BEL_IMP01
SYR_EXP01,CYP_IMP01
SYR_EXP01,ESP_IMP01
SYR_EXP01,FRA_IMP01
SYR_EXP01,GBR_IMP01
SYR_EXP01,GRC_IMP01
SYR_EXP01,HRV_IMP01
SYR_EXP01,ITA_IMP01
SYR_EXP01,LTU_IMP01
SYR_EXP01,NLD_IMP01
SYR_EXP01,POL_IMP01
SYR_EXP01,PRT_IMP01
SUR_EXP01,BGR_IMP01
SUR_EXP01,DNK_IMP01
SUR_EXP01,EST_IMP01
SUR_EXP01,FIN_IMP01
SUR_EXP01,DEU_IMP01
SUR_EXP01,IRL_IMP01
SUR_EXP01,LVA_IMP01
SUR_EXP01,MLT_IMP01
SUR_EXP01,ROU_IMP01
SUR_EXP01,SVN_IMP01
SUR_EXP01,SWE_IMP01
SUR_EXP01,NOR_IMP01
SUR_EXP01,BEL_IMP01
SUR_EXP01,CYP_IMP01
SUR_EXP01,ESP_IMP01
SUR_EXP01,FRA_IMP01
SUR_EXP01,GBR_IMP01
SUR_EXP01,GRC_IMP01
SUR_EXP01,HRV_IMP01
SUR_EXP01,ITA_IMP01
SUR_EXP01,LTU_IMP01
SUR_EXP01,NLD_IMP01
SUR_EXP01,POL_IMP01
SUR_EXP01,PRT_IMP01
SDN_EXP01,BGR_IMP01
SDN_EXP01,DNK_IMP01
SDN_EXP01,EST_IMP01
SDN_EXP01,FIN_IMP01
SDN_EXP01,DEU_IMP01
SDN_EXP01,IRL_IMP01
SDN_EXP01,LVA_IMP01
SDN_EXP01,MLT_IMP01
SDN_EXP01,ROU_IMP01
SDN_EXP01,SVN_IMP01
SDN_EXP01,SWE_IMP01
SDN_EXP01,NOR_IMP01
SDN_EXP01,BEL_IMP01
SDN_EXP01,CYP_IMP01
SDN_EXP01,ESP_IMP01
SDN_EXP01,FRA_IMP01
SDN_EXP01,GBR_IMP01
SDN_EXP01,GRC_IMP01
SDN_EXP01,HRV_IMP01
SDN_EXP01,ITA_IMP01
SDN_EXP01,LTU_IMP01
SDN_EXP01,NLD_IMP01
SDN_EXP01,POL_IMP01
SDN_EXP01,PRT_IMP01
LKA_EXP01,BGR_IMP01
LKA_EXP01,DNK_IMP01
LKA_EXP01,EST_IMP01
LKA_EXP01,FIN_IMP01
LKA_EXP01,DEU_IMP01
LKA_EXP01,IRL_IMP01
LKA_EXP01,LVA_IMP01
LKA_EXP01,MLT_IMP01
LKA_EXP01,ROU_IMP01
LKA_EXP01,SVN_IMP01
LKA_EXP01,SWE_IMP01
LKA_EXP01,NOR_IMP01
LKA_EXP01,BEL_IMP01
LKA_EXP01,CYP_IMP01
LKA_EXP01,ESP_IMP01
LKA_EXP01,FRA_IMP01
LKA_EXP01,GBR_IMP01
LKA_EXP01,GRC_IMP01
LKA_EXP01,HRV_IMP01
LKA_EXP01,ITA_IMP01
LKA_EXP01,LTU_IMP01
LKA_EXP01,NLD_IMP01
LKA_EXP01,POL_IMP01
LKA_EXP01,PRT_IMP01
ZAF_EXP01,BGR_IMP01
ZAF_EXP01,DNK_IMP01
ZAF_EXP01,EST_IMP01
ZAF_EXP01,FIN_IMP01
ZAF_EXP01,DEU_IMP01
ZAF_EXP01,IRL_IMP01
ZAF_EXP01,LVA_IMP01
ZAF_EXP01,MLT_IMP01
ZAF_EXP01,ROU_IMP01
ZAF_EXP01,SVN_IMP01
ZAF_EXP01,SWE_IMP01
ZAF_EXP01,NOR_IMP01
ZAF_EXP01,BEL_IMP01
ZAF_EXP01,CYP_IMP01
ZAF_EXP01,ESP_IMP01
ZAF_EXP01,FRA_IMP01
ZAF_EXP01,GBR_IMP01
ZAF_EXP01,GRC_IMP01
ZAF_EXP01,HRV_IMP01
ZAF_EXP01,ITA_IMP01
ZAF_EXP01,LTU_IMP01
ZAF_EXP01,NLD_IMP01
ZAF_EXP01,POL_IMP01
ZAF_EXP01,PRT_IMP01
SOM_EXP01,BGR_IMP01
SOM_EXP01,DNK_IMP01
SOM_EXP01,EST_IMP01
SOM_EXP01,FIN_IMP01
SOM_EXP01,DEU_IMP01
SOM_EXP01,IRL_IMP01
SOM_EXP01,LVA_IMP01
SOM_EXP01,MLT_IMP01
SOM_EXP01,ROU_IMP01
SOM_EXP01,SVN_IMP01
SOM_EXP01,SWE_IMP01
SOM_EXP01,NOR_IMP01
SOM_EXP01,BEL_IMP01
SOM_EXP01,CYP_IMP01
SOM_EXP01,ESP_IMP01
SOM_EXP01,FRA_IMP01
SOM_EXP01,GBR_IMP01
SOM_EXP01,GRC_IMP01
SOM_EXP01,HRV_IMP01
SOM_EXP01,ITA_IMP01
SOM_EXP01,LTU_IMP01
SOM_EXP01,NLD_IMP01
SOM_EXP01,POL_IMP01
SOM_EXP01,PRT_IMP01
SGP_EXP01,BGR_IMP01
SGP_EXP01,DNK_IMP01
SGP_EXP01,EST_IMP01
SGP_EXP01,FIN_IMP01
SGP_EXP01,DEU_IMP01
SGP_EXP01,IRL_IMP01
SGP_EXP01,LVA_IMP01
SGP_EXP01,MLT_IMP01
SGP_EXP01,ROU_IMP01
SGP_EXP01,SVN_IMP01
SGP_EXP01,SWE_IMP01
SGP_EXP01,NOR_IMP01
SGP_EXP01,BEL_IMP01
SGP_EXP01,CYP_IMP01
SGP_EXP01,ESP_IMP01
SGP_EXP01,FRA_IMP01
SGP_EXP01,GBR_IMP01
SGP_EXP01,GRC_IMP01
SGP_EXP01,HRV_IMP01
SGP_EXP01,ITA_IMP01
SGP_EXP01,LTU_IMP01
SGP_EXP01,NLD_IMP01
SGP_EXP01,POL_IMP01
SGP_EXP01,PRT_IMP01
SLE_EXP01,BGR_IMP01
SLE_EXP01,DNK_IMP01
SLE_EXP01,EST_IMP01
SLE_EXP01,FIN_IMP01
SLE_EXP01,DEU_IMP01
SLE_EXP01,IRL_IMP01
SLE_EXP01,LVA_IMP01
SLE_EXP01,MLT_IMP01
SLE_EXP01,ROU_IMP01
SLE_EXP01,SVN_IMP01
SLE_EXP01,SWE_IMP01
SLE_EXP01,NOR_IMP01
SLE_EXP01,BEL_IMP01
SLE_EXP01,CYP_IMP01
SLE_EXP01,ESP_IMP01
SLE_EXP01,FRA_IMP01
SLE_EXP01,GBR_IMP01
SLE_EXP01,GRC_IMP01
SLE_EXP01,HRV_IMP01
SLE_EXP01,ITA_IMP01
SLE_EXP01,LTU_IMP01
SLE_EXP01,NLD_IMP01
SLE_EXP01,POL_IMP01
SLE_EXP01,PRT_IMP01
SYC_EXP01,BGR_IMP01
SYC_EXP01,DNK_IMP01
SYC_EXP01,EST_IMP01
SYC_EXP01,FIN_IMP01
SYC_EXP01,DEU_IMP01
SYC_EXP01,IRL_IMP01
SYC_EXP01,LVA_IMP01
SYC_EXP01,MLT_IMP01
SYC_EXP01,ROU_IMP01
SYC_EXP01,SVN_IMP01
SYC_EXP01,SWE_IMP01
SYC_EXP01,NOR_IMP01
SYC_EXP01,BEL_IMP01
SYC_EXP01,CYP_IMP01
SYC_EXP01,ESP_IMP01
SYC_EXP01,FRA_IMP01
SYC_EXP01,GBR_IMP01
SYC_EXP01,GRC_IMP01
SYC_EXP01,HRV_IMP01
SYC_EXP01,ITA_IMP01
SYC_EXP01,LTU_IMP01
SYC_EXP01,NLD_IMP01
SYC_EXP01,POL_IMP01
SYC_EXP01,PRT_IMP01
SEN_EXP01,BGR_IMP01
SEN_EXP01,DNK_IMP01
SEN_EXP01,EST_IMP01
SEN_EXP01,FIN_IMP01
SEN_EXP01,DEU_IMP01
SEN_EXP01,IRL_IMP01
SEN_EXP01,LVA_IMP01
SEN_EXP01,MLT_IMP01
SEN_EXP01,ROU_IMP01
SEN_EXP01,SVN_IMP01
SEN_EXP01,SWE_IMP01
SEN_EXP01,NOR_IMP01
SEN_EXP01,BEL_IMP01
SEN_EXP01,CYP_IMP01
SEN_EXP01,ESP_IMP01
SEN_EXP01,FRA_IMP01
SEN_EXP01,GBR_IMP01
SEN_EXP01,GRC_IMP01
SEN_EXP01,HRV_IMP01
SEN_EXP01,ITA_IMP01
SEN_EXP01,LTU_IMP01
SEN_EXP01,NLD_IMP01
SEN_EXP01,POL_IMP01
SEN_EXP01,PRT_IMP01
SAU_EXP01,BGR_IMP01
SAU_EXP01,DNK_IMP01
SAU_EXP01,EST_IMP01
SAU_EXP01,FIN_IMP01
SAU_EXP01,DEU_IMP01
SAU_EXP01,IRL_IMP01
SAU_EXP01,LVA_IMP01
SAU_EXP01,MLT_IMP01
SAU_EXP01,ROU_IMP01
SAU_EXP01,SVN_IMP01
SAU_EXP01,SWE_IMP01
SAU_EXP01,NOR_IMP01
SAU_EXP01,BEL_IMP01
SAU_EXP01,CYP_IMP01
SAU_EXP01,ESP_IMP01
SAU_EXP01,FRA_IMP01
SAU_EXP01,GBR_IMP01
SAU_EXP01,GRC_IMP01
SAU_EXP01,HRV_IMP01
SAU_EXP01,ITA_IMP01
SAU_EXP01,LTU_IMP01
SAU_EXP01,NLD_IMP01
SAU_EXP01,POL_IMP01
SAU_EXP01,PRT_IMP01
WSM_EXP01,BGR_IMP01
WSM_EXP01,DNK_IMP01
WSM_EXP01,EST_IMP01
WSM_EXP01,FIN_IMP01
WSM_EXP01,DEU_IMP01
WSM_EXP01,IRL_IMP01
WSM_EXP01,LVA_IMP01
WSM_EXP01,MLT_IMP01
WSM_EXP01,ROU_IMP01
WSM_EXP01,SVN_IMP01
WSM_EXP01,SWE_IMP01
WSM_EXP01,NOR_IMP01
WSM_EXP01,BEL_IMP01
WSM_EXP01,CYP_IMP01
WSM_EXP01,ESP_IMP01
WSM_EXP01,FRA_IMP01
WSM_EXP01,GBR_IMP01
WSM_EXP01,GRC_IMP01
WSM_EXP01,HRV_IMP01
WSM_EXP01,ITA_IMP01
WSM_EXP01,LTU_IMP01
WSM_EXP01,NLD_IMP01
WSM_EXP01,POL_IMP01
WSM_EXP01,PRT_IMP01
VCT_EXP01,BGR_IMP01
VCT_EXP01,DNK_IMP01
VCT_EXP01,EST_IMP01
VCT_EXP01,FIN_IMP01
VCT_EXP01,DEU_IMP01
VCT_EXP01,IRL_IMP01
VCT_EXP01,LVA_IMP01
VCT_EXP01,MLT_IMP01
VCT_EXP01,ROU_IMP01
VCT_EXP01,SVN_IMP01
VCT_EXP01,SWE_IMP01
VCT_EXP01,NOR_IMP01
VCT_EXP01,BEL_IMP01
VCT_EXP01,CYP_IMP01
VCT_EXP01,ESP_IMP01
VCT_EXP01,FRA_IMP01
VCT_EXP01,GBR_IMP01
VCT_EXP01,GRC_IMP01
VCT_EXP01,HRV_IMP01
VCT_EXP01,ITA_IMP01
VCT_EXP01,LTU_IMP01
VCT_EXP01,NLD_IMP01
VCT_EXP01,POL_IMP01
VCT_EXP01,PRT_IMP01
LCA_EXP01,BGR_IMP01
LCA_EXP01,DNK_IMP01
LCA_EXP01,EST_IMP01
LCA_EXP01,FIN_IMP01
LCA_EXP01,DEU_IMP01
LCA_EXP01,IRL_IMP01
LCA_EXP01,LVA_IMP01
LCA_EXP01,MLT_IMP01
LCA_EXP01,ROU_IMP01
LCA_EXP01,SVN_IMP01
LCA_EXP01,SWE_IMP01
LCA_EXP01,NOR_IMP01
LCA_EXP01,BEL_IMP01
LCA_EXP01,CYP_IMP01
LCA_EXP01,ESP_IMP01
LCA_EXP01,FRA_IMP01
LCA_EXP01,GBR_IMP01
LCA_EXP01,GRC_IMP01
LCA_EXP01,HRV_IMP01
LCA_EXP01,ITA_IMP01
LCA_EXP01,LTU_IMP01
LCA_EXP01,NLD_IMP01
LCA_EXP01,POL_IMP01
LCA_EXP01,PRT_IMP01
KNA_EXP01,BGR_IMP01
KNA_EXP01,DNK_IMP01
KNA_EXP01,EST_IMP01
KNA_EXP01,FIN_IMP01
KNA_EXP01,DEU_IMP01
KNA_EXP01,IRL_IMP01
KNA_EXP01,LVA_IMP01
KNA_EXP01,MLT_IMP01
KNA_EXP01,ROU_IMP01
KNA_EXP01,SVN_IMP01
KNA_EXP01,SWE_IMP01
KNA_EXP01,NOR_IMP01
KNA_EXP01,BEL_IMP01
KNA_EXP01,CYP_IMP01
KNA_EXP01,ESP_IMP01
KNA_EXP01,FRA_IMP01
KNA_EXP01,GBR_IMP01
KNA_EXP01,GRC_IMP01
KNA_EXP01,HRV_IMP01
KNA_EXP01,ITA_IMP01
KNA_EXP01,LTU_IMP01
KNA_EXP01,NLD_IMP01
KNA_EXP01,POL_IMP01
KNA_EXP01,PRT_IMP01
RUS_EXP01,BGR_IMP01
RUS_EXP01,DNK_IMP01
RUS_EXP01,EST_IMP01
RUS_EXP01,FIN_IMP01
RUS_EXP01,DEU_IMP01
RUS_EXP01,IRL_IMP01
RUS_EXP01,LVA_IMP01
RUS_EXP01,MLT_IMP01
RUS_EXP01,ROU_IMP01
RUS_EXP01,SVN_IMP01
RUS_EXP01,SWE_IMP01
RUS_EXP01,NOR_IMP01
RUS_EXP01,BEL_IMP01
RUS_EXP01,CYP_IMP01
RUS_EXP01,ESP_IMP01
RUS_EXP01,FRA_IMP01
RUS_EXP01,GBR_IMP01
RUS_EXP01,GRC_IMP01
RUS_EXP01,HRV_IMP01
RUS_EXP01,ITA_IMP01
RUS_EXP01,LTU_IMP01
RUS_EXP01,NLD_IMP01
RUS_EXP01,POL_IMP01
RUS_EXP01,PRT_IMP01
QAT_EXP01,BGR_IMP01
QAT_EXP01,DNK_IMP01
QAT_EXP01,EST_IMP01
QAT_EXP01,FIN_IMP01
QAT_EXP01,DEU_IMP01
QAT_EXP01,IRL_IMP01
QAT_EXP01,LVA_IMP01
QAT_EXP01,MLT_IMP01
QAT_EXP01,ROU_IMP01
QAT_EXP01,SVN_IMP01
QAT_EXP01,SWE_IMP01
QAT_EXP01,NOR_IMP01
QAT_EXP01,BEL_IMP01
QAT_EXP01,CYP_IMP01
QAT_EXP01,ESP_IMP01
QAT_EXP01,FRA_IMP01
QAT_EXP01,GBR_IMP01
QAT_EXP01,GRC_IMP01
QAT_EXP01,HRV_IMP01
QAT_EXP01,ITA_IMP01
QAT_EXP01,LTU_IMP01
QAT_EXP01,NLD_IMP01
QAT_EXP01,POL_IMP01
QAT_EXP01,PRT_IMP01
PRI_EXP01,BGR_IMP01
PRI_EXP01,DNK_IMP01
PRI_EXP01,EST_IMP01
PRI_EXP01,FIN_IMP01
PRI_EXP01,DEU_IMP01
PRI_EXP01,IRL_IMP01
PRI_EXP01,LVA_IMP01
PRI_EXP01,MLT_IMP01
PRI_EXP01,ROU_IMP01
PRI_EXP01,SVN_IMP01
PRI_EXP01,SWE_IMP01
PRI_EXP01,NOR_IMP01
PRI_EXP01,BEL_IMP01
PRI_EXP01,CYP_IMP01
PRI_EXP01,ESP_IMP01
PRI_EXP01,FRA_IMP01
PRI_EXP01,GBR_IMP01
PRI_EXP01,GRC_IMP01
PRI_EXP01,HRV_IMP01
PRI_EXP01,ITA_IMP01
PRI_EXP01,LTU_IMP01
PRI_EXP01,NLD_IMP01
PRI_EXP01,POL_IMP01
PRI_EXP01,PRT_IMP01
PHL_EXP01,BGR_IMP01
PHL_EXP01,DNK_IMP01
PHL_EXP01,EST_IMP01
PHL_EXP01,FIN_IMP01
PHL_EXP01,DEU_IMP01
PHL_EXP01,IRL_IMP01
PHL_EXP01,LVA_IMP01
PHL_EXP01,MLT_IMP01
PHL_EXP01,ROU_IMP01
PHL_EXP01,SVN_IMP01
PHL_EXP01,SWE_IMP01
PHL_EXP01,NOR_IMP01
PHL_EXP01,BEL_IMP01
PHL_EXP01,CYP_IMP01
PHL_EXP01,ESP_IMP01
PHL_EXP01,FRA_IMP01
PHL_EXP01,GBR_IMP01
PHL_EXP01,GRC_IMP01
PHL_EXP01,HRV_IMP01
PHL_EXP01,ITA_IMP01
PHL_EXP01,LTU_IMP01
PHL_EXP01,NLD_IMP01
PHL_EXP01,POL_IMP01
PHL_EXP01,PRT_IMP01
PER_EXP01,BGR_IMP01
PER_EXP01,DNK_IMP01
PER_EXP01,EST_IMP01
PER_EXP01,FIN_IMP01
PER_EXP01,DEU_IMP01
PER_EXP01,IRL_IMP01
PER_EXP01,LVA_IMP01
PER_EXP01,MLT_IMP01
PER_EXP01,ROU_IMP01
PER_EXP01,SVN_IMP01
PER_EXP01,SWE_IMP01
PER_EXP01,NOR_IMP01
PER_EXP01,BEL_IMP01
PER_EXP01,CYP_IMP01
PER_EXP01,ESP_IMP01
PER_EXP01,FRA_IMP01
PER_EXP01,GBR_IMP01
PER_EXP01,GRC_IMP01
PER_EXP01,HRV_IMP01
PER_EXP01,ITA_IMP01
PER_EXP01,LTU_IMP01
PER_EXP01,NLD_IMP01
PER_EXP01,POL_IMP01
PER_EXP01,PRT_IMP01
PRY_EXP01,BGR_IMP01
PRY_EXP01,DNK_IMP01
PRY_EXP01,EST_IMP01
PRY_EXP01,FIN_IMP01
PRY_EXP01,DEU_IMP01
PRY_EXP01,IRL_IMP01
PRY_EXP01,LVA_IMP01
PRY_EXP01,MLT_IMP01
PRY_EXP01,ROU_IMP01
PRY_EXP01,SVN_IMP01
PRY_EXP01,SWE_IMP01
PRY_EXP01,NOR_IMP01
PRY_EXP01,BEL_IMP01
PRY_EXP01,CYP_IMP01
PRY_EXP01,ESP_IMP01
PRY_EXP01,FRA_IMP01
PRY_EXP01,GBR_IMP01
PRY_EXP01,GRC_IMP01
PRY_EXP01,HRV_IMP01
PRY_EXP01,ITA_IMP01
PRY_EXP01,LTU_IMP01
PRY_EXP01,NLD_IMP01
PRY_EXP01,POL_IMP01
PRY_EXP01,PRT_IMP01
PNG_EXP01,BGR_IMP01
PNG_EXP01,DNK_IMP01
PNG_EXP01,EST_IMP01
PNG_EXP01,FIN_IMP01
PNG_EXP01,DEU_IMP01
PNG_EXP01,IRL_IMP01
PNG_EXP01,LVA_IMP01
PNG_EXP01,MLT_IMP01
PNG_EXP01,ROU_IMP01
PNG_EXP01,SVN_IMP01
PNG_EXP01,SWE_IMP01
PNG_EXP01,NOR_IMP01
PNG_EXP01,BEL_IMP01
PNG_EXP01,CYP_IMP01
PNG_EXP01,ESP_IMP01
PNG_EXP01,FRA_IMP01
PNG_EXP01,GBR_IMP01
PNG_EXP01,GRC_IMP01
PNG_EXP01,HRV_IMP01
PNG_EXP01,ITA_IMP01
PNG_EXP01,LTU_IMP01
PNG_EXP01,NLD_IMP01
PNG_EXP01,POL_IMP01
PNG_EXP01,PRT_IMP01
PAN_EXP01,BGR_IMP01
PAN_EXP01,DNK_IMP01
PAN_EXP01,EST_IMP01
PAN_EXP01,FIN_IMP01
PAN_EXP01,DEU_IMP01
PAN_EXP01,IRL_IMP01
PAN_EXP01,LVA_IMP01
PAN_EXP01,MLT_IMP01
PAN_EXP01,ROU_IMP01
PAN_EXP01,SVN_IMP01
PAN_EXP01,SWE_IMP01
PAN_EXP01,NOR_IMP01
PAN_EXP01,BEL_IMP01
PAN_EXP01,CYP_IMP01
PAN_EXP01,ESP_IMP01
PAN_EXP01,FRA_IMP01
PAN_EXP01,GBR_IMP01
PAN_EXP01,GRC_IMP01
PAN_EXP01,HRV_IMP01
PAN_EXP01,ITA_IMP01
PAN_EXP01,LTU_IMP01
PAN_EXP01,NLD_IMP01
PAN_EXP01,POL_IMP01
PAN_EXP01,PRT_IMP01
PLW_EXP01,BGR_IMP01
PLW_EXP01,DNK_IMP01
PLW_EXP01,EST_IMP01
PLW_EXP01,FIN_IMP01
PLW_EXP01,DEU_IMP01
PLW_EXP01,IRL_IMP01
PLW_EXP01,LVA_IMP01
PLW_EXP01,MLT_IMP01
PLW_EXP01,ROU_IMP01
PLW_EXP01,SVN_IMP01
PLW_EXP01,SWE_IMP01
PLW_EXP01,NOR_IMP01
PLW_EXP01,BEL_IMP01
PLW_EXP01,CYP_IMP01
PLW_EXP01,ESP_IMP01
PLW_EXP01,FRA_IMP01
PLW_EXP01,GBR_IMP01
PLW_EXP01,GRC_IMP01
PLW_EXP01,HRV_IMP01
PLW_EXP01,ITA_IMP01
PLW_EXP01,LTU_IMP01
PLW_EXP01,NLD_IMP01
PLW_EXP01,POL_IMP01
PLW_EXP01,PRT_IMP01
PAK_EXP01,BGR_IMP01
PAK_EXP01,DNK_IMP01
PAK_EXP01,EST_IMP01
PAK_EXP01,FIN_IMP01
PAK_EXP01,DEU_IMP01
PAK_EXP01,IRL_IMP01
PAK_EXP01,LVA_IMP01
PAK_EXP01,MLT_IMP01
PAK_EXP01,ROU_IMP01
PAK_EXP01,SVN_IMP01
PAK_EXP01,SWE_IMP01
PAK_EXP01,NOR_IMP01
PAK_EXP01,BEL_IMP01
PAK_EXP01,CYP_IMP01
PAK_EXP01,ESP_IMP01
PAK_EXP01,FRA_IMP01
PAK_EXP01,GBR_IMP01
PAK_EXP01,GRC_IMP01
PAK_EXP01,HRV_IMP01
PAK_EXP01,ITA_IMP01
PAK_EXP01,LTU_IMP01
PAK_EXP01,NLD_IMP01
PAK_EXP01,POL_IMP01
PAK_EXP01,PRT_IMP01
OMN_EXP01,BGR_IMP01
OMN_EXP01,DNK_IMP01
OMN_EXP01,EST_IMP01
OMN_EXP01,FIN_IMP01
OMN_EXP01,DEU_IMP01
OMN_EXP01,IRL_IMP01
OMN_EXP01,LVA_IMP01
OMN_EXP01,MLT_IMP01
OMN_EXP01,ROU_IMP01
OMN_EXP01,SVN_IMP01
OMN_EXP01,SWE_IMP01
OMN_EXP01,NOR_IMP01
OMN_EXP01,BEL_IMP01
OMN_EXP01,CYP_IMP01
OMN_EXP01,ESP_IMP01
OMN_EXP01,FRA_IMP01
OMN_EXP01,GBR_IMP01
OMN_EXP01,GRC_IMP01
OMN_EXP01,HRV_IMP01
OMN_EXP01,ITA_IMP01
OMN_EXP01,LTU_IMP01
OMN_EXP01,NLD_IMP01
OMN_EXP01,POL_IMP01
OMN_EXP01,PRT_IMP01
NGA_EXP01,BGR_IMP01
NGA_EXP01,DNK_IMP01
NGA_EXP01,EST_IMP01
NGA_EXP01,FIN_IMP01
NGA_EXP01,DEU_IMP01
NGA_EXP01,IRL_IMP01
NGA_EXP01,LVA_IMP01
NGA_EXP01,MLT_IMP01
NGA_EXP01,ROU_IMP01
NGA_EXP01,SVN_IMP01
NGA_EXP01,SWE_IMP01
NGA_EXP01,NOR_IMP01
NGA_EXP01,BEL_IMP01
NGA_EXP01,CYP_IMP01
NGA_EXP01,ESP_IMP01
NGA_EXP01,FRA_IMP01
NGA_EXP01,GBR_IMP01
NGA_EXP01,GRC_IMP01
NGA_EXP01,HRV_IMP01
NGA_EXP01,ITA_IMP01
NGA_EXP01,LTU_IMP01
NGA_EXP01,NLD_IMP01
NGA_EXP01,POL_IMP01
NGA_EXP01,PRT_IMP01
NIC_EXP01,BGR_IMP01
NIC_EXP01,DNK_IMP01
NIC_EXP01,EST_IMP01
NIC_EXP01,FIN_IMP01
NIC_EXP01,DEU_IMP01
NIC_EXP01,IRL_IMP01
NIC_EXP01,LVA_IMP01
NIC_EXP01,MLT_IMP01
NIC_EXP01,ROU_IMP01
NIC_EXP01,SVN_IMP01
NIC_EXP01,SWE_IMP01
NIC_EXP01,NOR_IMP01
NIC_EXP01,BEL_IMP01
NIC_EXP01,CYP_IMP01
NIC_EXP01,ESP_IMP01
NIC_EXP01,FRA_IMP01
NIC_EXP01,GBR_IMP01
NIC_EXP01,GRC_IMP01
NIC_EXP01,HRV_IMP01
NIC_EXP01,ITA_IMP01
NIC_EXP01,LTU_IMP01
NIC_EXP01,NLD_IMP01
NIC_EXP01,POL_IMP01
NIC_EXP01,PRT_IMP01
NZL_EXP01,BGR_IMP01
NZL_EXP01,DNK_IMP01
NZL_EXP01,EST_IMP01
NZL_EXP01,FIN_IMP01
NZL_EXP01,DEU_IMP01
NZL_EXP01,IRL_IMP01
NZL_EXP01,LVA_IMP01
NZL_EXP01,MLT_IMP01
NZL_EXP01,ROU_IMP01
NZL_EXP01,SVN_IMP01
NZL_EXP01,SWE_IMP01
NZL_EXP01,NOR_IMP01
NZL_EXP01,BEL_IMP01
NZL_EXP01,CYP_IMP01
NZL_EXP01,ESP_IMP01
NZL_EXP01,FRA_IMP01
NZL_EXP01,GBR_IMP01
NZL_EXP01,GRC_IMP01
NZL_EXP01,HRV_IMP01
NZL_EXP01,ITA_IMP01
NZL_EXP01,LTU_IMP01
NZL_EXP01,NLD_IMP01
NZL_EXP01,POL_IMP01
NZL_EXP01,PRT_IMP01
NCL_EXP01,BGR_IMP01
NCL_EXP01,DNK_IMP01
NCL_EXP01,EST_IMP01
NCL_EXP01,FIN_IMP01
NCL_EXP01,DEU_IMP01
NCL_EXP01,IRL_IMP01
NCL_EXP01,LVA_IMP01
NCL_EXP01,MLT_IMP01
NCL_EXP01,ROU_IMP01
NCL_EXP01,SVN_IMP01
NCL_EXP01,SWE_IMP01
NCL_EXP01,NOR_IMP01
NCL_EXP01,BEL_IMP01
NCL_EXP01,CYP_IMP01
NCL_EXP01,ESP_IMP01
NCL_EXP01,FRA_IMP01
NCL_EXP01,GBR_IMP01
NCL_EXP01,GRC_IMP01
NCL_EXP01,HRV_IMP01
NCL_EXP01,ITA_IMP01
NCL_EXP01,LTU_IMP01
NCL_EXP01,NLD_IMP01
NCL_EXP01,POL_IMP01
NCL_EXP01,PRT_IMP01
NRU_EXP01,BGR_IMP01
NRU_EXP01,DNK_IMP01
NRU_EXP01,EST_IMP01
NRU_EXP01,FIN_IMP01
NRU_EXP01,DEU_IMP01
NRU_EXP01,IRL_IMP01
NRU_EXP01,LVA_IMP01
NRU_EXP01,MLT_IMP01
NRU_EXP01,ROU_IMP01
NRU_EXP01,SVN_IMP01
NRU_EXP01,SWE_IMP01
NRU_EXP01,NOR_IMP01
NRU_EXP01,BEL_IMP01
NRU_EXP01,CYP_IMP01
NRU_EXP01,ESP_IMP01
NRU_EXP01,FRA_IMP01
NRU_EXP01,GBR_IMP01
NRU_EXP01,GRC_IMP01
NRU_EXP01,HRV_IMP01
NRU_EXP01,ITA_IMP01
NRU_EXP01,LTU_IMP01
NRU_EXP01,NLD_IMP01
NRU_EXP01,POL_IMP01
NRU_EXP01,PRT_IMP01
NAM_EXP01,BGR_IMP01
NAM_EXP01,DNK_IMP01
NAM_EXP01,EST_IMP01
NAM_EXP01,FIN_IMP01
NAM_EXP01,DEU_IMP01
NAM_EXP01,IRL_IMP01
NAM_EXP01,LVA_IMP01
NAM_EXP01,MLT_IMP01
NAM_EXP01,ROU_IMP01
NAM_EXP01,SVN_IMP01
NAM_EXP01,SWE_IMP01
NAM_EXP01,NOR_IMP01
NAM_EXP01,BEL_IMP01
NAM_EXP01,CYP_IMP01
NAM_EXP01,ESP_IMP01
NAM_EXP01,FRA_IMP01
NAM_EXP01,GBR_IMP01
NAM_EXP01,GRC_IMP01
NAM_EXP01,HRV_IMP01
NAM_EXP01,ITA_IMP01
NAM_EXP01,LTU_IMP01
NAM_EXP01,NLD_IMP01
NAM_EXP01,POL_IMP01
NAM_EXP01,PRT_IMP01
MMR_EXP01,BGR_IMP01
MMR_EXP01,DNK_IMP01
MMR_EXP01,EST_IMP01
MMR_EXP01,FIN_IMP01
MMR_EXP01,DEU_IMP01
MMR_EXP01,IRL_IMP01
MMR_EXP01,LVA_IMP01
MMR_EXP01,MLT_IMP01
MMR_EXP01,ROU_IMP01
MMR_EXP01,SVN_IMP01
MMR_EXP01,SWE_IMP01
MMR_EXP01,NOR_IMP01
MMR_EXP01,BEL_IMP01
MMR_EXP01,CYP_IMP01
MMR_EXP01,ESP_IMP01
MMR_EXP01,FRA_IMP01
MMR_EXP01,GBR_IMP01
MMR_EXP01,GRC_IMP01
MMR_EXP01,HRV_IMP01
MMR_EXP01,ITA_IMP01
MMR_EXP01,LTU_IMP01
MMR_EXP01,NLD_IMP01
MMR_EXP01,POL_IMP01
MMR_EXP01,PRT_IMP01
MOZ_EXP01,BGR_IMP01
MOZ_EXP01,DNK_IMP01
MOZ_EXP01,EST_IMP01
MOZ_EXP01,FIN_IMP01
MOZ_EXP01,DEU_IMP01
MOZ_EXP01,IRL_IMP01
MOZ_EXP01,LVA_IMP01
MOZ_EXP01,MLT_IMP01
MOZ_EXP01,ROU_IMP01
MOZ_EXP01,SVN_IMP01
MOZ_EXP01,SWE_IMP01
MOZ_EXP01,NOR_IMP01
MOZ_EXP01,BEL_IMP01
MOZ_EXP01,CYP_IMP01
MOZ_EXP01,ESP_IMP01
MOZ_EXP01,FRA_IMP01
MOZ_EXP01,GBR_IMP01
MOZ_EXP01,GRC_IMP01
MOZ_EXP01,HRV_IMP01
MOZ_EXP01,ITA_IMP01
MOZ_EXP01,LTU_IMP01
MOZ_EXP01,NLD_IMP01
MOZ_EXP01,POL_IMP01
MOZ_EXP01,PRT_IMP01
MAR_EXP01,BGR_IMP01
MAR_EXP01,DNK_IMP01
MAR_EXP01,EST_IMP01
MAR_EXP01,FIN_IMP01
MAR_EXP01,DEU_IMP01
MAR_EXP01,IRL_IMP01
MAR_EXP01,LVA_IMP01
MAR_EXP01,MLT_IMP01
MAR_EXP01,ROU_IMP01
MAR_EXP01,SVN_IMP01
MAR_EXP01,SWE_IMP01
MAR_EXP01,NOR_IMP01
MAR_EXP01,BEL_IMP01
MAR_EXP01,CYP_IMP01
MAR_EXP01,ESP_IMP01
MAR_EXP01,FRA_IMP01
MAR_EXP01,GBR_IMP01
MAR_EXP01,GRC_IMP01
MAR_EXP01,HRV_IMP01
MAR_EXP01,ITA_IMP01
MAR_EXP01,LTU_IMP01
MAR_EXP01,NLD_IMP01
MAR_EXP01,POL_IMP01
MAR_EXP01,PRT_IMP01
MSR_EXP01,BGR_IMP01
MSR_EXP01,DNK_IMP01
MSR_EXP01,EST_IMP01
MSR_EXP01,FIN_IMP01
MSR_EXP01,DEU_IMP01
MSR_EXP01,IRL_IMP01
MSR_EXP01,LVA_IMP01
MSR_EXP01,MLT_IMP01
MSR_EXP01,ROU_IMP01
MSR_EXP01,SVN_IMP01
MSR_EXP01,SWE_IMP01
MSR_EXP01,NOR_IMP01
MSR_EXP01,BEL_IMP01
MSR_EXP01,CYP_IMP01
MSR_EXP01,ESP_IMP01
MSR_EXP01,FRA_IMP01
MSR_EXP01,GBR_IMP01
MSR_EXP01,GRC_IMP01
MSR_EXP01,HRV_IMP01
MSR_EXP01,ITA_IMP01
MSR_EXP01,LTU_IMP01
MSR_EXP01,NLD_IMP01
MSR_EXP01,POL_IMP01
MSR_EXP01,PRT_IMP01
MNE_EXP01,BGR_IMP01
MNE_EXP01,DNK_IMP01
MNE_EXP01,EST_IMP01
MNE_EXP01,FIN_IMP01
MNE_EXP01,DEU_IMP01
MNE_EXP01,IRL_IMP01
MNE_EXP01,LVA_IMP01
MNE_EXP01,MLT_IMP01
MNE_EXP01,ROU_IMP01
MNE_EXP01,SVN_IMP01
MNE_EXP01,SWE_IMP01
MNE_EXP01,NOR_IMP01
MNE_EXP01,BEL_IMP01
MNE_EXP01,CYP_IMP01
MNE_EXP01,ESP_IMP01
MNE_EXP01,FRA_IMP01
MNE_EXP01,GBR_IMP01
MNE_EXP01,GRC_IMP01
MNE_EXP01,HRV_IMP01
MNE_EXP01,ITA_IMP01
MNE_EXP01,LTU_IMP01
MNE_EXP01,NLD_IMP01
MNE_EXP01,POL_IMP01
MNE_EXP01,PRT_IMP01
MDA_EXP01,BGR_IMP01
MDA_EXP01,DNK_IMP01
MDA_EXP01,EST_IMP01
MDA_EXP01,FIN_IMP01
MDA_EXP01,DEU_IMP01
MDA_EXP01,IRL_IMP01
MDA_EXP01,LVA_IMP01
MDA_EXP01,MLT_IMP01
MDA_EXP01,ROU_IMP01
MDA_EXP01,SVN_IMP01
MDA_EXP01,SWE_IMP01
MDA_EXP01,NOR_IMP01
MDA_EXP01,BEL_IMP01
MDA_EXP01,CYP_IMP01
MDA_EXP01,ESP_IMP01
MDA_EXP01,FRA_IMP01
MDA_EXP01,GBR_IMP01
MDA_EXP01,GRC_IMP01
MDA_EXP01,HRV_IMP01
MDA_EXP01,ITA_IMP01
MDA_EXP01,LTU_IMP01
MDA_EXP01,NLD_IMP01
MDA_EXP01,POL_IMP01
MDA_EXP01,PRT_IMP01
MEX_EXP01,BGR_IMP01
MEX_EXP01,DNK_IMP01
MEX_EXP01,EST_IMP01
MEX_EXP01,FIN_IMP01
MEX_EXP01,DEU_IMP01
MEX_EXP01,IRL_IMP01
MEX_EXP01,LVA_IMP01
MEX_EXP01,MLT_IMP01
MEX_EXP01,ROU_IMP01
MEX_EXP01,SVN_IMP01
MEX_EXP01,SWE_IMP01
MEX_EXP01,NOR_IMP01
MEX_EXP01,BEL_IMP01
MEX_EXP01,CYP_IMP01
MEX_EXP01,ESP_IMP01
MEX_EXP01,FRA_IMP01
MEX_EXP01,GBR_IMP01
MEX_EXP01,GRC_IMP01
MEX_EXP01,HRV_IMP01
MEX_EXP01,ITA_IMP01
MEX_EXP01,LTU_IMP01
MEX_EXP01,NLD_IMP01
MEX_EXP01,POL_IMP01
MEX_EXP01,PRT_IMP01
MYT_EXP01,BGR_IMP01
MYT_EXP01,DNK_IMP01
MYT_EXP01,EST_IMP01
MYT_EXP01,FIN_IMP01
MYT_EXP01,DEU_IMP01
MYT_EXP01,IRL_IMP01
MYT_EXP01,LVA_IMP01
MYT_EXP01,MLT_IMP01
MYT_EXP01,ROU_IMP01
MYT_EXP01,SVN_IMP01
MYT_EXP01,SWE_IMP01
MYT_EXP01,NOR_IMP01
MYT_EXP01,BEL_IMP01
MYT_EXP01,CYP_IMP01
MYT_EXP01,ESP_IMP01
MYT_EXP01,FRA_IMP01
MYT_EXP01,GBR_IMP01
MYT_EXP01,GRC_IMP01
MYT_EXP01,HRV_IMP01
MYT_EXP01,ITA_IMP01
MYT_EXP01,LTU_IMP01
MYT_EXP01,NLD_IMP01
MYT_EXP01,POL_IMP01
MYT_EXP01,PRT_IMP01
MUS_EXP01,BGR_IMP01
MUS_EXP01,DNK_IMP01
MUS_EXP01,EST_IMP01
MUS_EXP01,FIN_IMP01
MUS_EXP01,DEU_IMP01
MUS_EXP01,IRL_IMP01
MUS_EXP01,LVA_IMP01
MUS_EXP01,MLT_IMP01
MUS_EXP01,ROU_IMP01
MUS_EXP01,SVN_IMP01
MUS_EXP01,SWE_IMP01
MUS_EXP01,NOR_IMP01
MUS_EXP01,BEL_IMP01
MUS_EXP01,CYP_IMP01
MUS_EXP01,ESP_IMP01
MUS_EXP01,FRA_IMP01
MUS_EXP01,GBR_IMP01
MUS_EXP01,GRC_IMP01
MUS_EXP01,HRV_IMP01
MUS_EXP01,ITA_IMP01
MUS_EXP01,LTU_IMP01
MUS_EXP01,NLD_IMP01
MUS_EXP01,POL_IMP01
MUS_EXP01,PRT_IMP01
MRT_EXP01,BGR_IMP01
MRT_EXP01,DNK_IMP01
MRT_EXP01,EST_IMP01
MRT_EXP01,FIN_IMP01
MRT_EXP01,DEU_IMP01
MRT_EXP01,IRL_IMP01
MRT_EXP01,LVA_IMP01
MRT_EXP01,MLT_IMP01
MRT_EXP01,ROU_IMP01
MRT_EXP01,SVN_IMP01
MRT_EXP01,SWE_IMP01
MRT_EXP01,NOR_IMP01
MRT_EXP01,BEL_IMP01
MRT_EXP01,CYP_IMP01
MRT_EXP01,ESP_IMP01
MRT_EXP01,FRA_IMP01
MRT_EXP01,GBR_IMP01
MRT_EXP01,GRC_IMP01
MRT_EXP01,HRV_IMP01
MRT_EXP01,ITA_IMP01
MRT_EXP01,LTU_IMP01
MRT_EXP01,NLD_IMP01
MRT_EXP01,POL_IMP01
MRT_EXP01,PRT_IMP01
MTQ_EXP01,BGR_IMP01
MTQ_EXP01,DNK_IMP01
MTQ_EXP01,EST_IMP01
MTQ_EXP01,FIN_IMP01
MTQ_EXP01,DEU_IMP01
MTQ_EXP01,IRL_IMP01
MTQ_EXP01,LVA_IMP01
MTQ_EXP01,MLT_IMP01
MTQ_EXP01,ROU_IMP01
MTQ_EXP01,SVN_IMP01
MTQ_EXP01,SWE_IMP01
MTQ_EXP01,NOR_IMP01
MTQ_EXP01,BEL_IMP01
MTQ_EXP01,CYP_IMP01
MTQ_EXP01,ESP_IMP01
MTQ_EXP01,FRA_IMP01
MTQ_EXP01,GBR_IMP01
MTQ_EXP01,GRC_IMP01
MTQ_EXP01,HRV_IMP01
MTQ_EXP01,ITA_IMP01
MTQ_EXP01,LTU_IMP01
MTQ_EXP01,NLD_IMP01
MTQ_EXP01,POL_IMP01
MTQ_EXP01,PRT_IMP01
MHL_EXP01,BGR_IMP01
MHL_EXP01,DNK_IMP01
MHL_EXP01,EST_IMP01
MHL_EXP01,FIN_IMP01
MHL_EXP01,DEU_IMP01
MHL_EXP01,IRL_IMP01
MHL_EXP01,LVA_IMP01
MHL_EXP01,MLT_IMP01
MHL_EXP01,ROU_IMP01
MHL_EXP01,SVN_IMP01
MHL_EXP01,SWE_IMP01
MHL_EXP01,NOR_IMP01
MHL_EXP01,BEL_IMP01
MHL_EXP01,CYP_IMP01
MHL_EXP01,ESP_IMP01
MHL_EXP01,FRA_IMP01
MHL_EXP01,GBR_IMP01
MHL_EXP01,GRC_IMP01
MHL_EXP01,HRV_IMP01
MHL_EXP01,ITA_IMP01
MHL_EXP01,LTU_IMP01
MHL_EXP01,NLD_IMP01
MHL_EXP01,POL_IMP01
MHL_EXP01,PRT_IMP01
MDV_EXP01,BGR_IMP01
MDV_EXP01,DNK_IMP01
MDV_EXP01,EST_IMP01
MDV_EXP01,FIN_IMP01
MDV_EXP01,DEU_IMP01
MDV_EXP01,IRL_IMP01
MDV_EXP01,LVA_IMP01
MDV_EXP01,MLT_IMP01
MDV_EXP01,ROU_IMP01
MDV_EXP01,SVN_IMP01
MDV_EXP01,SWE_IMP01
MDV_EXP01,NOR_IMP01
MDV_EXP01,BEL_IMP01
MDV_EXP01,CYP_IMP01
MDV_EXP01,ESP_IMP01
MDV_EXP01,FRA_IMP01
MDV_EXP01,GBR_IMP01
MDV_EXP01,GRC_IMP01
MDV_EXP01,HRV_IMP01
MDV_EXP01,ITA_IMP01
MDV_EXP01,LTU_IMP01
MDV_EXP01,NLD_IMP01
MDV_EXP01,POL_IMP01
MDV_EXP01,PRT_IMP01
MYS_EXP01,BGR_IMP01
MYS_EXP01,DNK_IMP01
MYS_EXP01,EST_IMP01
MYS_EXP01,FIN_IMP01
MYS_EXP01,DEU_IMP01
MYS_EXP01,IRL_IMP01
MYS_EXP01,LVA_IMP01
MYS_EXP01,MLT_IMP01
MYS_EXP01,ROU_IMP01
MYS_EXP01,SVN_IMP01
MYS_EXP01,SWE_IMP01
MYS_EXP01,NOR_IMP01
MYS_EXP01,BEL_IMP01
MYS_EXP01,CYP_IMP01
MYS_EXP01,ESP_IMP01
MYS_EXP01,FRA_IMP01
MYS_EXP01,GBR_IMP01
MYS_EXP01,GRC_IMP01
MYS_EXP01,HRV_IMP01
MYS_EXP01,ITA_IMP01
MYS_EXP01,LTU_IMP01
MYS_EXP01,NLD_IMP01
MYS_EXP01,POL_IMP01
MYS_EXP01,PRT_IMP01
MDG_EXP01,BGR_IMP01
MDG_EXP01,DNK_IMP01
MDG_EXP01,EST_IMP01
MDG_EXP01,FIN_IMP01
MDG_EXP01,DEU_IMP01
MDG_EXP01,IRL_IMP01
MDG_EXP01,LVA_IMP01
MDG_EXP01,MLT_IMP01
MDG_EXP01,ROU_IMP01
MDG_EXP01,SVN_IMP01
MDG_EXP01,SWE_IMP01
MDG_EXP01,NOR_IMP01
MDG_EXP01,BEL_IMP01
MDG_EXP01,CYP_IMP01
MDG_EXP01,ESP_IMP01
MDG_EXP01,FRA_IMP01
MDG_EXP01,GBR_IMP01
MDG_EXP01,GRC_IMP01
MDG_EXP01,HRV_IMP01
MDG_EXP01,ITA_IMP01
MDG_EXP01,LTU_IMP01
MDG_EXP01,NLD_IMP01
MDG_EXP01,POL_IMP01
MDG_EXP01,PRT_IMP01
LBY_EXP01,BGR_IMP01
LBY_EXP01,DNK_IMP01
LBY_EXP01,EST_IMP01
LBY_EXP01,FIN_IMP01
LBY_EXP01,DEU_IMP01
LBY_EXP01,IRL_IMP01
LBY_EXP01,LVA_IMP01
LBY_EXP01,MLT_IMP01
LBY_EXP01,ROU_IMP01
LBY_EXP01,SVN_IMP01
LBY_EXP01,SWE_IMP01
LBY_EXP01,NOR_IMP01
LBY_EXP01,BEL_IMP01
LBY_EXP01,CYP_IMP01
LBY_EXP01,ESP_IMP01
LBY_EXP01,FRA_IMP01
LBY_EXP01,GBR_IMP01
LBY_EXP01,GRC_IMP01
LBY_EXP01,HRV_IMP01
LBY_EXP01,ITA_IMP01
LBY_EXP01,LTU_IMP01
LBY_EXP01,NLD_IMP01
LBY_EXP01,POL_IMP01
LBY_EXP01,PRT_IMP01
LBR_EXP01,BGR_IMP01
LBR_EXP01,DNK_IMP01
LBR_EXP01,EST_IMP01
LBR_EXP01,FIN_IMP01
LBR_EXP01,DEU_IMP01
LBR_EXP01,IRL_IMP01
LBR_EXP01,LVA_IMP01
LBR_EXP01,MLT_IMP01
LBR_EXP01,ROU_IMP01
LBR_EXP01,SVN_IMP01
LBR_EXP01,SWE_IMP01
LBR_EXP01,NOR_IMP01
LBR_EXP01,BEL_IMP01
LBR_EXP01,CYP_IMP01
LBR_EXP01,ESP_IMP01
LBR_EXP01,FRA_IMP01
LBR_EXP01,GBR_IMP01
LBR_EXP01,GRC_IMP01
LBR_EXP01,HRV_IMP01
LBR_EXP01,ITA_IMP01
LBR_EXP01,LTU_IMP01
LBR_EXP01,NLD_IMP01
LBR_EXP01,POL_IMP01
LBR_EXP01,PRT_IMP01
LBN_EXP01,BGR_IMP01
LBN_EXP01,DNK_IMP01
LBN_EXP01,EST_IMP01
LBN_EXP01,FIN_IMP01
LBN_EXP01,DEU_IMP01
LBN_EXP01,IRL_IMP01
LBN_EXP01,LVA_IMP01
LBN_EXP01,MLT_IMP01
LBN_EXP01,ROU_IMP01
LBN_EXP01,SVN_IMP01
LBN_EXP01,SWE_IMP01
LBN_EXP01,NOR_IMP01
LBN_EXP01,BEL_IMP01
LBN_EXP01,CYP_IMP01
LBN_EXP01,ESP_IMP01
LBN_EXP01,FRA_IMP01
LBN_EXP01,GBR_IMP01
LBN_EXP01,GRC_IMP01
LBN_EXP01,HRV_IMP01
LBN_EXP01,ITA_IMP01
LBN_EXP01,LTU_IMP01
LBN_EXP01,NLD_IMP01
LBN_EXP01,POL_IMP01
LBN_EXP01,PRT_IMP01
KWT_EXP01,BGR_IMP01
KWT_EXP01,DNK_IMP01
KWT_EXP01,EST_IMP01
KWT_EXP01,FIN_IMP01
KWT_EXP01,DEU_IMP01
KWT_EXP01,IRL_IMP01
KWT_EXP01,LVA_IMP01
KWT_EXP01,MLT_IMP01
KWT_EXP01,ROU_IMP01
KWT_EXP01,SVN_IMP01
KWT_EXP01,SWE_IMP01
KWT_EXP01,NOR_IMP01
KWT_EXP01,BEL_IMP01
KWT_EXP01,CYP_IMP01
KWT_EXP01,ESP_IMP01
KWT_EXP01,FRA_IMP01
KWT_EXP01,GBR_IMP01
KWT_EXP01,GRC_IMP01
KWT_EXP01,HRV_IMP01
KWT_EXP01,ITA_IMP01
KWT_EXP01,LTU_IMP01
KWT_EXP01,NLD_IMP01
KWT_EXP01,POL_IMP01
KWT_EXP01,PRT_IMP01
KOR_EXP01,BGR_IMP01
KOR_EXP01,DNK_IMP01
KOR_EXP01,EST_IMP01
KOR_EXP01,FIN_IMP01
KOR_EXP01,DEU_IMP01
KOR_EXP01,IRL_IMP01
KOR_EXP01,LVA_IMP01
KOR_EXP01,MLT_IMP01
KOR_EXP01,ROU_IMP01
KOR_EXP01,SVN_IMP01
KOR_EXP01,SWE_IMP01
KOR_EXP01,NOR_IMP01
KOR_EXP01,BEL_IMP01
KOR_EXP01,CYP_IMP01
KOR_EXP01,ESP_IMP01
KOR_EXP01,FRA_IMP01
KOR_EXP01,GBR_IMP01
KOR_EXP01,GRC_IMP01
KOR_EXP01,HRV_IMP01
KOR_EXP01,ITA_IMP01
KOR_EXP01,LTU_IMP01
KOR_EXP01,NLD_IMP01
KOR_EXP01,POL_IMP01
KOR_EXP01,PRT_IMP01
KIR_EXP01,BGR_IMP01
KIR_EXP01,DNK_IMP01
KIR_EXP01,EST_IMP01
KIR_EXP01,FIN_IMP01
KIR_EXP01,DEU_IMP01
KIR_EXP01,IRL_IMP01
KIR_EXP01,LVA_IMP01
KIR_EXP01,MLT_IMP01
KIR_EXP01,ROU_IMP01
KIR_EXP01,SVN_IMP01
KIR_EXP01,SWE_IMP01
KIR_EXP01,NOR_IMP01
KIR_EXP01,BEL_IMP01
KIR_EXP01,CYP_IMP01
KIR_EXP01,ESP_IMP01
KIR_EXP01,FRA_IMP01
KIR_EXP01,GBR_IMP01
KIR_EXP01,GRC_IMP01
KIR_EXP01,HRV_IMP01
KIR_EXP01,ITA_IMP01
KIR_EXP01,LTU_IMP01
KIR_EXP01,NLD_IMP01
KIR_EXP01,POL_IMP01
KIR_EXP01,PRT_IMP01
KEN_EXP01,BGR_IMP01
KEN_EXP01,DNK_IMP01
KEN_EXP01,EST_IMP01
KEN_EXP01,FIN_IMP01
KEN_EXP01,DEU_IMP01
KEN_EXP01,IRL_IMP01
KEN_EXP01,LVA_IMP01
KEN_EXP01,MLT_IMP01
KEN_EXP01,ROU_IMP01
KEN_EXP01,SVN_IMP01
KEN_EXP01,SWE_IMP01
KEN_EXP01,NOR_IMP01
KEN_EXP01,BEL_IMP01
KEN_EXP01,CYP_IMP01
KEN_EXP01,ESP_IMP01
KEN_EXP01,FRA_IMP01
KEN_EXP01,GBR_IMP01
KEN_EXP01,GRC_IMP01
KEN_EXP01,HRV_IMP01
KEN_EXP01,ITA_IMP01
KEN_EXP01,LTU_IMP01
KEN_EXP01,NLD_IMP01
KEN_EXP01,POL_IMP01
KEN_EXP01,PRT_IMP01
JOR_EXP01,BGR_IMP01
JOR_EXP01,DNK_IMP01
JOR_EXP01,EST_IMP01
JOR_EXP01,FIN_IMP01
JOR_EXP01,DEU_IMP01
JOR_EXP01,IRL_IMP01
JOR_EXP01,LVA_IMP01
JOR_EXP01,MLT_IMP01
JOR_EXP01,ROU_IMP01
JOR_EXP01,SVN_IMP01
JOR_EXP01,SWE_IMP01
JOR_EXP01,NOR_IMP01
JOR_EXP01,BEL_IMP01
JOR_EXP01,CYP_IMP01
JOR_EXP01,ESP_IMP01
JOR_EXP01,FRA_IMP01
JOR_EXP01,GBR_IMP01
JOR_EXP01,GRC_IMP01
JOR_EXP01,HRV_IMP01
JOR_EXP01,ITA_IMP01
JOR_EXP01,LTU_IMP01
JOR_EXP01,NLD_IMP01
JOR_EXP01,POL_IMP01
JOR_EXP01,PRT_IMP01
JPN_EXP01,BGR_IMP01
JPN_EXP01,DNK_IMP01
JPN_EXP01,EST_IMP01
JPN_EXP01,FIN_IMP01
JPN_EXP01,DEU_IMP01
JPN_EXP01,IRL_IMP01
JPN_EXP01,LVA_IMP01
JPN_EXP01,MLT_IMP01
JPN_EXP01,ROU_IMP01
JPN_EXP01,SVN_IMP01
JPN_EXP01,SWE_IMP01
JPN_EXP01,NOR_IMP01
JPN_EXP01,BEL_IMP01
JPN_EXP01,CYP_IMP01
JPN_EXP01,ESP_IMP01
JPN_EXP01,FRA_IMP01
JPN_EXP01,GBR_IMP01
JPN_EXP01,GRC_IMP01
JPN_EXP01,HRV_IMP01
JPN_EXP01,ITA_IMP01
JPN_EXP01,LTU_IMP01
JPN_EXP01,NLD_IMP01
JPN_EXP01,POL_IMP01
JPN_EXP01,PRT_IMP01
JAM_EXP01,BGR_IMP01
JAM_EXP01,DNK_IMP01
JAM_EXP01,EST_IMP01
JAM_EXP01,FIN_IMP01
JAM_EXP01,DEU_IMP01
JAM_EXP01,IRL_IMP01
JAM_EXP01,LVA_IMP01
JAM_EXP01,MLT_IMP01
JAM_EXP01,ROU_IMP01
JAM_EXP01,SVN_IMP01
JAM_EXP01,SWE_IMP01
JAM_EXP01,NOR_IMP01
JAM_EXP01,BEL_IMP01
JAM_EXP01,CYP_IMP01
JAM_EXP01,ESP_IMP01
JAM_EXP01,FRA_IMP01
JAM_EXP01,GBR_IMP01
JAM_EXP01,GRC_IMP01
JAM_EXP01,HRV_IMP01
JAM_EXP01,ITA_IMP01
JAM_EXP01,LTU_IMP01
JAM_EXP01,NLD_IMP01
JAM_EXP01,POL_IMP01
JAM_EXP01,PRT_IMP01
ISR_EXP01,BGR_IMP01
ISR_EXP01,DNK_IMP01
ISR_EXP01,EST_IMP01
ISR_EXP01,FIN_IMP01
ISR_EXP01,DEU_IMP01
ISR_EXP01,IRL_IMP01
ISR_EXP01,LVA_IMP01
ISR_EXP01,MLT_IMP01
ISR_EXP01,ROU_IMP01
ISR_EXP01,SVN_IMP01
ISR_EXP01,SWE_IMP01
ISR_EXP01,NOR_IMP01
ISR_EXP01,BEL_IMP01
ISR_EXP01,CYP_IMP01
ISR_EXP01,ESP_IMP01
ISR_EXP01,FRA_IMP01
ISR_EXP01,GBR_IMP01
ISR_EXP01,GRC_IMP01
ISR_EXP01,HRV_IMP01
ISR_EXP01,ITA_IMP01
ISR_EXP01,LTU_IMP01
ISR_EXP01,NLD_IMP01
ISR_EXP01,POL_IMP01
ISR_EXP01,PRT_IMP01
IRQ_EXP01,BGR_IMP01
IRQ_EXP01,DNK_IMP01
IRQ_EXP01,EST_IMP01
IRQ_EXP01,FIN_IMP01
IRQ_EXP01,DEU_IMP01
IRQ_EXP01,IRL_IMP01
IRQ_EXP01,LVA_IMP01
IRQ_EXP01,MLT_IMP01
IRQ_EXP01,ROU_IMP01
IRQ_EXP01,SVN_IMP01
IRQ_EXP01,SWE_IMP01
IRQ_EXP01,NOR_IMP01
IRQ_EXP01,BEL_IMP01
IRQ_EXP01,CYP_IMP01
IRQ_EXP01,ESP_IMP01
IRQ_EXP01,FRA_IMP01
IRQ_EXP01,GBR_IMP01
IRQ_EXP01,GRC_IMP01
IRQ_EXP01,HRV_IMP01
IRQ_EXP01,ITA_IMP01
IRQ_EXP01,LTU_IMP01
IRQ_EXP01,NLD_IMP01
IRQ_EXP01,POL_IMP01
IRQ_EXP01,PRT_IMP01
IRN_EXP01,BGR_IMP01
IRN_EXP01,DNK_IMP01
IRN_EXP01,EST_IMP01
IRN_EXP01,FIN_IMP01
IRN_EXP01,DEU_IMP01
IRN_EXP01,IRL_IMP01
IRN_EXP01,LVA_IMP01
IRN_EXP01,MLT_IMP01
IRN_EXP01,ROU_IMP01
IRN_EXP01,SVN_IMP01
IRN_EXP01,SWE_IMP01
IRN_EXP01,NOR_IMP01
IRN_EXP01,BEL_IMP01
IRN_EXP01,CYP_IMP01
IRN_EXP01,ESP_IMP01
IRN_EXP01,FRA_IMP01
IRN_EXP01,GBR_IMP01
IRN_EXP01,GRC_IMP01
IRN_EXP01,HRV_IMP01
IRN_EXP01,ITA_IMP01
IRN_EXP01,LTU_IMP01
IRN_EXP01,NLD_IMP01
IRN_EXP01,POL_IMP01
IRN_EXP01,PRT_IMP01
IDN_EXP01,BGR_IMP01
IDN_EXP01,DNK_IMP01
IDN_EXP01,EST_IMP01
IDN_EXP01,FIN_IMP01
IDN_EXP01,DEU_IMP01
IDN_EXP01,IRL_IMP01
IDN_EXP01,LVA_IMP01
IDN_EXP01,MLT_IMP01
IDN_EXP01,ROU_IMP01
IDN_EXP01,SVN_IMP01
IDN_EXP01,SWE_IMP01
IDN_EXP01,NOR_IMP01
IDN_EXP01,BEL_IMP01
IDN_EXP01,CYP_IMP01
IDN_EXP01,ESP_IMP01
IDN_EXP01,FRA_IMP01
IDN_EXP01,GBR_IMP01
IDN_EXP01,GRC_IMP01
IDN_EXP01,HRV_IMP01
IDN_EXP01,ITA_IMP01
IDN_EXP01,LTU_IMP01
IDN_EXP01,NLD_IMP01
IDN_EXP01,POL_IMP01
IDN_EXP01,PRT_IMP01
IND_EXP01,BGR_IMP01
IND_EXP01,DNK_IMP01
IND_EXP01,EST_IMP01
IND_EXP01,FIN_IMP01
IND_EXP01,DEU_IMP01
IND_EXP01,IRL_IMP01
IND_EXP01,LVA_IMP01
IND_EXP01,MLT_IMP01
IND_EXP01,ROU_IMP01
IND_EXP01,SVN_IMP01
IND_EXP01,SWE_IMP01
IND_EXP01,NOR_IMP01
IND_EXP01,BEL_IMP01
IND_EXP01,CYP_IMP01
IND_EXP01,ESP_IMP01
IND_EXP01,FRA_IMP01
IND_EXP01,GBR_IMP01
IND_EXP01,GRC_IMP01
IND_EXP01,HRV_IMP01
IND_EXP01,ITA_IMP01
IND_EXP01,LTU_IMP01
IND_EXP01,NLD_IMP01
IND_EXP01,POL_IMP01
IND_EXP01,PRT_IMP01
ISL_EXP01,BGR_IMP01
ISL_EXP01,DNK_IMP01
ISL_EXP01,EST_IMP01
ISL_EXP01,FIN_IMP01
ISL_EXP01,DEU_IMP01
ISL_EXP01,IRL_IMP01
ISL_EXP01,LVA_IMP01
ISL_EXP01,MLT_IMP01
ISL_EXP01,ROU_IMP01
ISL_EXP01,SVN_IMP01
ISL_EXP01,SWE_IMP01
ISL_EXP01,NOR_IMP01
ISL_EXP01,BEL_IMP01
ISL_EXP01,CYP_IMP01
ISL_EXP01,ESP_IMP01
ISL_EXP01,FRA_IMP01
ISL_EXP01,GBR_IMP01
ISL_EXP01,GRC_IMP01
ISL_EXP01,HRV_IMP01
ISL_EXP01,ITA_IMP01
ISL_EXP01,LTU_IMP01
ISL_EXP01,NLD_IMP01
ISL_EXP01,POL_IMP01
ISL_EXP01,PRT_IMP01
HKG_EXP01,BGR_IMP01
HKG_EXP01,DNK_IMP01
HKG_EXP01,EST_IMP01
HKG_EXP01,FIN_IMP01
HKG_EXP01,DEU_IMP01
HKG_EXP01,IRL_IMP01
HKG_EXP01,LVA_IMP01
HKG_EXP01,MLT_IMP01
HKG_EXP01,ROU_IMP01
HKG_EXP01,SVN_IMP01
HKG_EXP01,SWE_IMP01
HKG_EXP01,NOR_IMP01
HKG_EXP01,BEL_IMP01
HKG_EXP01,CYP_IMP01
HKG_EXP01,ESP_IMP01
HKG_EXP01,FRA_IMP01
HKG_EXP01,GBR_IMP01
HKG_EXP01,GRC_IMP01
HKG_EXP01,HRV_IMP01
HKG_EXP01,ITA_IMP01
HKG_EXP01,LTU_IMP01
HKG_EXP01,NLD_IMP01
HKG_EXP01,POL_IMP01
HKG_EXP01,PRT_IMP01
HND_EXP01,BGR_IMP01
HND_EXP01,DNK_IMP01
HND_EXP01,EST_IMP01
HND_EXP01,FIN_IMP01
HND_EXP01,DEU_IMP01
HND_EXP01,IRL_IMP01
HND_EXP01,LVA_IMP01
HND_EXP01,MLT_IMP01
HND_EXP01,ROU_IMP01
HND_EXP01,SVN_IMP01
HND_EXP01,SWE_IMP01
HND_EXP01,NOR_IMP01
HND_EXP01,BEL_IMP01
HND_EXP01,CYP_IMP01
HND_EXP01,ESP_IMP01
HND_EXP01,FRA_IMP01
HND_EXP01,GBR_IMP01
HND_EXP01,GRC_IMP01
HND_EXP01,HRV_IMP01
HND_EXP01,ITA_IMP01
HND_EXP01,LTU_IMP01
HND_EXP01,NLD_IMP01
HND_EXP01,POL_IMP01
HND_EXP01,PRT_IMP01
HTI_EXP01,BGR_IMP01
HTI_EXP01,DNK_IMP01
HTI_EXP01,EST_IMP01
HTI_EXP01,FIN_IMP01
HTI_EXP01,DEU_IMP01
HTI_EXP01,IRL_IMP01
HTI_EXP01,LVA_IMP01
HTI_EXP01,MLT_IMP01
HTI_EXP01,ROU_IMP01
HTI_EXP01,SVN_IMP01
HTI_EXP01,SWE_IMP01
HTI_EXP01,NOR_IMP01
HTI_EXP01,BEL_IMP01
HTI_EXP01,CYP_IMP01
HTI_EXP01,ESP_IMP01
HTI_EXP01,FRA_IMP01
HTI_EXP01,GBR_IMP01
HTI_EXP01,GRC_IMP01
HTI_EXP01,HRV_IMP01
HTI_EXP01,ITA_IMP01
HTI_EXP01,LTU_IMP01
HTI_EXP01,NLD_IMP01
HTI_EXP01,POL_IMP01
HTI_EXP01,PRT_IMP01
GUY_EXP01,BGR_IMP01
GUY_EXP01,DNK_IMP01
GUY_EXP01,EST_IMP01
GUY_EXP01,FIN_IMP01
GUY_EXP01,DEU_IMP01
GUY_EXP01,IRL_IMP01
GUY_EXP01,LVA_IMP01
GUY_EXP01,MLT_IMP01
GUY_EXP01,ROU_IMP01
GUY_EXP01,SVN_IMP01
GUY_EXP01,SWE_IMP01
GUY_EXP01,NOR_IMP01
GUY_EXP01,BEL_IMP01
GUY_EXP01,CYP_IMP01
GUY_EXP01,ESP_IMP01
GUY_EXP01,FRA_IMP01
GUY_EXP01,GBR_IMP01
GUY_EXP01,GRC_IMP01
GUY_EXP01,HRV_IMP01
GUY_EXP01,ITA_IMP01
GUY_EXP01,LTU_IMP01
GUY_EXP01,NLD_IMP01
GUY_EXP01,POL_IMP01
GUY_EXP01,PRT_IMP01
GNB_EXP01,BGR_IMP01
GNB_EXP01,DNK_IMP01
GNB_EXP01,EST_IMP01
GNB_EXP01,FIN_IMP01
GNB_EXP01,DEU_IMP01
GNB_EXP01,IRL_IMP01
GNB_EXP01,LVA_IMP01
GNB_EXP01,MLT_IMP01
GNB_EXP01,ROU_IMP01
GNB_EXP01,SVN_IMP01
GNB_EXP01,SWE_IMP01
GNB_EXP01,NOR_IMP01
GNB_EXP01,BEL_IMP01
GNB_EXP01,CYP_IMP01
GNB_EXP01,ESP_IMP01
GNB_EXP01,FRA_IMP01
GNB_EXP01,GBR_IMP01
GNB_EXP01,GRC_IMP01
GNB_EXP01,HRV_IMP01
GNB_EXP01,ITA_IMP01
GNB_EXP01,LTU_IMP01
GNB_EXP01,NLD_IMP01
GNB_EXP01,POL_IMP01
GNB_EXP01,PRT_IMP01
GIN_EXP01,BGR_IMP01
GIN_EXP01,DNK_IMP01
GIN_EXP01,EST_IMP01
GIN_EXP01,FIN_IMP01
GIN_EXP01,DEU_IMP01
GIN_EXP01,IRL_IMP01
GIN_EXP01,LVA_IMP01
GIN_EXP01,MLT_IMP01
GIN_EXP01,ROU_IMP01
GIN_EXP01,SVN_IMP01
GIN_EXP01,SWE_IMP01
GIN_EXP01,NOR_IMP01
GIN_EXP01,BEL_IMP01
GIN_EXP01,CYP_IMP01
GIN_EXP01,ESP_IMP01
GIN_EXP01,FRA_IMP01
GIN_EXP01,GBR_IMP01
GIN_EXP01,GRC_IMP01
GIN_EXP01,HRV_IMP01
GIN_EXP01,ITA_IMP01
GIN_EXP01,LTU_IMP01
GIN_EXP01,NLD_IMP01
GIN_EXP01,POL_IMP01
GIN_EXP01,PRT_IMP01
GTM_EXP01,BGR_IMP01
GTM_EXP01,DNK_IMP01
GTM_EXP01,EST_IMP01
GTM_EXP01,FIN_IMP01
GTM_EXP01,DEU_IMP01
GTM_EXP01,IRL_IMP01
GTM_EXP01,LVA_IMP01
GTM_EXP01,MLT_IMP01
GTM_EXP01,ROU_IMP01
GTM_EXP01,SVN_IMP01
GTM_EXP01,SWE_IMP01
GTM_EXP01,NOR_IMP01
GTM_EXP01,BEL_IMP01
GTM_EXP01,CYP_IMP01
GTM_EXP01,ESP_IMP01
GTM_EXP01,FRA_IMP01
GTM_EXP01,GBR_IMP01
GTM_EXP01,GRC_IMP01
GTM_EXP01,HRV_IMP01
GTM_EXP01,ITA_IMP01
GTM_EXP01,LTU_IMP01
GTM_EXP01,NLD_IMP01
GTM_EXP01,POL_IMP01
GTM_EXP01,PRT_IMP01
GUM_EXP01,BGR_IMP01
GUM_EXP01,DNK_IMP01
GUM_EXP01,EST_IMP01
GUM_EXP01,FIN_IMP01
GUM_EXP01,DEU_IMP01
GUM_EXP01,IRL_IMP01
GUM_EXP01,LVA_IMP01
GUM_EXP01,MLT_IMP01
GUM_EXP01,ROU_IMP01
GUM_EXP01,SVN_IMP01
GUM_EXP01,SWE_IMP01
GUM_EXP01,NOR_IMP01
GUM_EXP01,BEL_IMP01
GUM_EXP01,CYP_IMP01
GUM_EXP01,ESP_IMP01
GUM_EXP01,FRA_IMP01
GUM_EXP01,GBR_IMP01
GUM_EXP01,GRC_IMP01
GUM_EXP01,HRV_IMP01
GUM_EXP01,ITA_IMP01
GUM_EXP01,LTU_IMP01
GUM_EXP01,NLD_IMP01
GUM_EXP01,POL_IMP01
GUM_EXP01,PRT_IMP01
GLP_EXP01,BGR_IMP01
GLP_EXP01,DNK_IMP01
GLP_EXP01,EST_IMP01
GLP_EXP01,FIN_IMP01
GLP_EXP01,DEU_IMP01
GLP_EXP01,IRL_IMP01
GLP_EXP01,LVA_IMP01
GLP_EXP01,MLT_IMP01
GLP_EXP01,ROU_IMP01
GLP_EXP01,SVN_IMP01
GLP_EXP01,SWE_IMP01
GLP_EXP01,NOR_IMP01
GLP_EXP01,BEL_IMP01
GLP_EXP01,CYP_IMP01
GLP_EXP01,ESP_IMP01
GLP_EXP01,FRA_IMP01
GLP_EXP01,GBR_IMP01
GLP_EXP01,GRC_IMP01
GLP_EXP01,HRV_IMP01
GLP_EXP01,ITA_IMP01
GLP_EXP01,LTU_IMP01
GLP_EXP01,NLD_IMP01
GLP_EXP01,POL_IMP01
GLP_EXP01,PRT_IMP01
GRD_EXP01,BGR_IMP01
GRD_EXP01,DNK_IMP01
GRD_EXP01,EST_IMP01
GRD_EXP01,FIN_IMP01
GRD_EXP01,DEU_IMP01
GRD_EXP01,IRL_IMP01
GRD_EXP01,LVA_IMP01
GRD_EXP01,MLT_IMP01
GRD_EXP01,ROU_IMP01
GRD_EXP01,SVN_IMP01
GRD_EXP01,SWE_IMP01
GRD_EXP01,NOR_IMP01
GRD_EXP01,BEL_IMP01
GRD_EXP01,CYP_IMP01
GRD_EXP01,ESP_IMP01
GRD_EXP01,FRA_IMP01
GRD_EXP01,GBR_IMP01
GRD_EXP01,GRC_IMP01
GRD_EXP01,HRV_IMP01
GRD_EXP01,ITA_IMP01
GRD_EXP01,LTU_IMP01
GRD_EXP01,NLD_IMP01
GRD_EXP01,POL_IMP01
GRD_EXP01,PRT_IMP01
GRL_EXP01,BGR_IMP01
GRL_EXP01,DNK_IMP01
GRL_EXP01,EST_IMP01
GRL_EXP01,FIN_IMP01
GRL_EXP01,DEU_IMP01
GRL_EXP01,IRL_IMP01
GRL_EXP01,LVA_IMP01
GRL_EXP01,MLT_IMP01
GRL_EXP01,ROU_IMP01
GRL_EXP01,SVN_IMP01
GRL_EXP01,SWE_IMP01
GRL_EXP01,NOR_IMP01
GRL_EXP01,BEL_IMP01
GRL_EXP01,CYP_IMP01
GRL_EXP01,ESP_IMP01
GRL_EXP01,FRA_IMP01
GRL_EXP01,GBR_IMP01
GRL_EXP01,GRC_IMP01
GRL_EXP01,HRV_IMP01
GRL_EXP01,ITA_IMP01
GRL_EXP01,LTU_IMP01
GRL_EXP01,NLD_IMP01
GRL_EXP01,POL_IMP01
GRL_EXP01,PRT_IMP01
GIB_EXP01,BGR_IMP01
GIB_EXP01,DNK_IMP01
GIB_EXP01,EST_IMP01
GIB_EXP01,FIN_IMP01
GIB_EXP01,DEU_IMP01
GIB_EXP01,IRL_IMP01
GIB_EXP01,LVA_IMP01
GIB_EXP01,MLT_IMP01
GIB_EXP01,ROU_IMP01
GIB_EXP01,SVN_IMP01
GIB_EXP01,SWE_IMP01
GIB_EXP01,NOR_IMP01
GIB_EXP01,BEL_IMP01
GIB_EXP01,CYP_IMP01
GIB_EXP01,ESP_IMP01
GIB_EXP01,FRA_IMP01
GIB_EXP01,GBR_IMP01
GIB_EXP01,GRC_IMP01
GIB_EXP01,HRV_IMP01
GIB_EXP01,ITA_IMP01
GIB_EXP01,LTU_IMP01
GIB_EXP01,NLD_IMP01
GIB_EXP01,POL_IMP01
GIB_EXP01,PRT_IMP01
GHA_EXP01,BGR_IMP01
GHA_EXP01,DNK_IMP01
GHA_EXP01,EST_IMP01
GHA_EXP01,FIN_IMP01
GHA_EXP01,DEU_IMP01
GHA_EXP01,IRL_IMP01
GHA_EXP01,LVA_IMP01
GHA_EXP01,MLT_IMP01
GHA_EXP01,ROU_IMP01
GHA_EXP01,SVN_IMP01
GHA_EXP01,SWE_IMP01
GHA_EXP01,NOR_IMP01
GHA_EXP01,BEL_IMP01
GHA_EXP01,CYP_IMP01
GHA_EXP01,ESP_IMP01
GHA_EXP01,FRA_IMP01
GHA_EXP01,GBR_IMP01
GHA_EXP01,GRC_IMP01
GHA_EXP01,HRV_IMP01
GHA_EXP01,ITA_IMP01
GHA_EXP01,LTU_IMP01
GHA_EXP01,NLD_IMP01
GHA_EXP01,POL_IMP01
GHA_EXP01,PRT_IMP01
GEO_EXP01,BGR_IMP01
GEO_EXP01,DNK_IMP01
GEO_EXP01,EST_IMP01
GEO_EXP01,FIN_IMP01
GEO_EXP01,DEU_IMP01
GEO_EXP01,IRL_IMP01
GEO_EXP01,LVA_IMP01
GEO_EXP01,MLT_IMP01
GEO_EXP01,ROU_IMP01
GEO_EXP01,SVN_IMP01
GEO_EXP01,SWE_IMP01
GEO_EXP01,NOR_IMP01
GEO_EXP01,BEL_IMP01
GEO_EXP01,CYP_IMP01
GEO_EXP01,ESP_IMP01
GEO_EXP01,FRA_IMP01
GEO_EXP01,GBR_IMP01
GEO_EXP01,GRC_IMP01
GEO_EXP01,HRV_IMP01
GEO_EXP01,ITA_IMP01
GEO_EXP01,LTU_IMP01
GEO_EXP01,NLD_IMP01
GEO_EXP01,POL_IMP01
GEO_EXP01,PRT_IMP01
GMB_EXP01,BGR_IMP01
GMB_EXP01,DNK_IMP01
GMB_EXP01,EST_IMP01
GMB_EXP01,FIN_IMP01
GMB_EXP01,DEU_IMP01
GMB_EXP01,IRL_IMP01
GMB_EXP01,LVA_IMP01
GMB_EXP01,MLT_IMP01
GMB_EXP01,ROU_IMP01
GMB_EXP01,SVN_IMP01
GMB_EXP01,SWE_IMP01
GMB_EXP01,NOR_IMP01
GMB_EXP01,BEL_IMP01
GMB_EXP01,CYP_IMP01
GMB_EXP01,ESP_IMP01
GMB_EXP01,FRA_IMP01
GMB_EXP01,GBR_IMP01
GMB_EXP01,GRC_IMP01
GMB_EXP01,HRV_IMP01
GMB_EXP01,ITA_IMP01
GMB_EXP01,LTU_IMP01
GMB_EXP01,NLD_IMP01
GMB_EXP01,POL_IMP01
GMB_EXP01,PRT_IMP01
GAB_EXP01,BGR_IMP01
GAB_EXP01,DNK_IMP01
GAB_EXP01,EST_IMP01
GAB_EXP01,FIN_IMP01
GAB_EXP01,DEU_IMP01
GAB_EXP01,IRL_IMP01
GAB_EXP01,LVA_IMP01
GAB_EXP01,MLT_IMP01
GAB_EXP01,ROU_IMP01
GAB_EXP01,SVN_IMP01
GAB_EXP01,SWE_IMP01
GAB_EXP01,NOR_IMP01
GAB_EXP01,BEL_IMP01
GAB_EXP01,CYP_IMP01
GAB_EXP01,ESP_IMP01
GAB_EXP01,FRA_IMP01
GAB_EXP01,GBR_IMP01
GAB_EXP01,GRC_IMP01
GAB_EXP01,HRV_IMP01
GAB_EXP01,ITA_IMP01
GAB_EXP01,LTU_IMP01
GAB_EXP01,NLD_IMP01
GAB_EXP01,POL_IMP01
GAB_EXP01,PRT_IMP01
PYF_EXP01,BGR_IMP01
PYF_EXP01,DNK_IMP01
PYF_EXP01,EST_IMP01
PYF_EXP01,FIN_IMP01
PYF_EXP01,DEU_IMP01
PYF_EXP01,IRL_IMP01
PYF_EXP01,LVA_IMP01
PYF_EXP01,MLT_IMP01
PYF_EXP01,ROU_IMP01
PYF_EXP01,SVN_IMP01
PYF_EXP01,SWE_IMP01
PYF_EXP01,NOR_IMP01
PYF_EXP01,BEL_IMP01
PYF_EXP01,CYP_IMP01
PYF_EXP01,ESP_IMP01
PYF_EXP01,FRA_IMP01
PYF_EXP01,GBR_IMP01
PYF_EXP01,GRC_IMP01
PYF_EXP01,HRV_IMP01
PYF_EXP01,ITA_IMP01
PYF_EXP01,LTU_IMP01
PYF_EXP01,NLD_IMP01
PYF_EXP01,POL_IMP01
PYF_EXP01,PRT_IMP01
GUF_EXP01,BGR_IMP01
GUF_EXP01,DNK_IMP01
GUF_EXP01,EST_IMP01
GUF_EXP01,FIN_IMP01
GUF_EXP01,DEU_IMP01
GUF_EXP01,IRL_IMP01
GUF_EXP01,LVA_IMP01
GUF_EXP01,MLT_IMP01
GUF_EXP01,ROU_IMP01
GUF_EXP01,SVN_IMP01
GUF_EXP01,SWE_IMP01
GUF_EXP01,NOR_IMP01
GUF_EXP01,BEL_IMP01
GUF_EXP01,CYP_IMP01
GUF_EXP01,ESP_IMP01
GUF_EXP01,FRA_IMP01
GUF_EXP01,GBR_IMP01
GUF_EXP01,GRC_IMP01
GUF_EXP01,HRV_IMP01
GUF_EXP01,ITA_IMP01
GUF_EXP01,LTU_IMP01
GUF_EXP01,NLD_IMP01
GUF_EXP01,POL_IMP01
GUF_EXP01,PRT_IMP01
FJI_EXP01,BGR_IMP01
FJI_EXP01,DNK_IMP01
FJI_EXP01,EST_IMP01
FJI_EXP01,FIN_IMP01
FJI_EXP01,DEU_IMP01
FJI_EXP01,IRL_IMP01
FJI_EXP01,LVA_IMP01
FJI_EXP01,MLT_IMP01
FJI_EXP01,ROU_IMP01
FJI_EXP01,SVN_IMP01
FJI_EXP01,SWE_IMP01
FJI_EXP01,NOR_IMP01
FJI_EXP01,BEL_IMP01
FJI_EXP01,CYP_IMP01
FJI_EXP01,ESP_IMP01
FJI_EXP01,FRA_IMP01
FJI_EXP01,GBR_IMP01
FJI_EXP01,GRC_IMP01
FJI_EXP01,HRV_IMP01
FJI_EXP01,ITA_IMP01
FJI_EXP01,LTU_IMP01
FJI_EXP01,NLD_IMP01
FJI_EXP01,POL_IMP01
FJI_EXP01,PRT_IMP01
FRO_EXP01,BGR_IMP01
FRO_EXP01,DNK_IMP01
FRO_EXP01,EST_IMP01
FRO_EXP01,FIN_IMP01
FRO_EXP01,DEU_IMP01
FRO_EXP01,IRL_IMP01
FRO_EXP01,LVA_IMP01
FRO_EXP01,MLT_IMP01
FRO_EXP01,ROU_IMP01
FRO_EXP01,SVN_IMP01
FRO_EXP01,SWE_IMP01
FRO_EXP01,NOR_IMP01
FRO_EXP01,BEL_IMP01
FRO_EXP01,CYP_IMP01
FRO_EXP01,ESP_IMP01
FRO_EXP01,FRA_IMP01
FRO_EXP01,GBR_IMP01
FRO_EXP01,GRC_IMP01
FRO_EXP01,HRV_IMP01
FRO_EXP01,ITA_IMP01
FRO_EXP01,LTU_IMP01
FRO_EXP01,NLD_IMP01
FRO_EXP01,POL_IMP01
FRO_EXP01,PRT_IMP01
ERI_EXP01,BGR_IMP01
ERI_EXP01,DNK_IMP01
ERI_EXP01,EST_IMP01
ERI_EXP01,FIN_IMP01
ERI_EXP01,DEU_IMP01
ERI_EXP01,IRL_IMP01
ERI_EXP01,LVA_IMP01
ERI_EXP01,MLT_IMP01
ERI_EXP01,ROU_IMP01
ERI_EXP01,SVN_IMP01
ERI_EXP01,SWE_IMP01
ERI_EXP01,NOR_IMP01
ERI_EXP01,BEL_IMP01
ERI_EXP01,CYP_IMP01
ERI_EXP01,ESP_IMP01
ERI_EXP01,FRA_IMP01
ERI_EXP01,GBR_IMP01
ERI_EXP01,GRC_IMP01
ERI_EXP01,HRV_IMP01
ERI_EXP01,ITA_IMP01
ERI_EXP01,LTU_IMP01
ERI_EXP01,NLD_IMP01
ERI_EXP01,POL_IMP01
ERI_EXP01,PRT_IMP01
GNQ_EXP01,BGR_IMP01
GNQ_EXP01,DNK_IMP01
GNQ_EXP01,EST_IMP01
GNQ_EXP01,FIN_IMP01
GNQ_EXP01,DEU_IMP01
GNQ_EXP01,IRL_IMP01
GNQ_EXP01,LVA_IMP01
GNQ_EXP01,MLT_IMP01
GNQ_EXP01,ROU_IMP01
GNQ_EXP01,SVN_IMP01
GNQ_EXP01,SWE_IMP01
GNQ_EXP01,NOR_IMP01
GNQ_EXP01,BEL_IMP01
GNQ_EXP01,CYP_IMP01
GNQ_EXP01,ESP_IMP01
GNQ_EXP01,FRA_IMP01
GNQ_EXP01,GBR_IMP01
GNQ_EXP01,GRC_IMP01
GNQ_EXP01,HRV_IMP01
GNQ_EXP01,ITA_IMP01
GNQ_EXP01,LTU_IMP01
GNQ_EXP01,NLD_IMP01
GNQ_EXP01,POL_IMP01
GNQ_EXP01,PRT_IMP01
SLV_EXP01,BGR_IMP01
SLV_EXP01,DNK_IMP01
SLV_EXP01,EST_IMP01
SLV_EXP01,FIN_IMP01
SLV_EXP01,DEU_IMP01
SLV_EXP01,IRL_IMP01
SLV_EXP01,LVA_IMP01
SLV_EXP01,MLT_IMP01
SLV_EXP01,ROU_IMP01
SLV_EXP01,SVN_IMP01
SLV_EXP01,SWE_IMP01
SLV_EXP01,NOR_IMP01
SLV_EXP01,BEL_IMP01
SLV_EXP01,CYP_IMP01
SLV_EXP01,ESP_IMP01
SLV_EXP01,FRA_IMP01
SLV_EXP01,GBR_IMP01
SLV_EXP01,GRC_IMP01
SLV_EXP01,HRV_IMP01
SLV_EXP01,ITA_IMP01
SLV_EXP01,LTU_IMP01
SLV_EXP01,NLD_IMP01
SLV_EXP01,POL_IMP01
SLV_EXP01,PRT_IMP01
EGY_EXP01,BGR_IMP01
EGY_EXP01,DNK_IMP01
EGY_EXP01,EST_IMP01
EGY_EXP01,FIN_IMP01
EGY_EXP01,DEU_IMP01
EGY_EXP01,IRL_IMP01
EGY_EXP01,LVA_IMP01
EGY_EXP01,MLT_IMP01
EGY_EXP01,ROU_IMP01
EGY_EXP01,SVN_IMP01
EGY_EXP01,SWE_IMP01
EGY_EXP01,NOR_IMP01
EGY_EXP01,BEL_IMP01
EGY_EXP01,CYP_IMP01
EGY_EXP01,ESP_IMP01
EGY_EXP01,FRA_IMP01
EGY_EXP01,GBR_IMP01
EGY_EXP01,GRC_IMP01
EGY_EXP01,HRV_IMP01
EGY_EXP01,ITA_IMP01
EGY_EXP01,LTU_IMP01
EGY_EXP01,NLD_IMP01
EGY_EXP01,POL_IMP01
EGY_EXP01,PRT_IMP01
ECU_EXP01,BGR_IMP01
ECU_EXP01,DNK_IMP01
ECU_EXP01,EST_IMP01
ECU_EXP01,FIN_IMP01
ECU_EXP01,DEU_IMP01
ECU_EXP01,IRL_IMP01
ECU_EXP01,LVA_IMP01
ECU_EXP01,MLT_IMP01
ECU_EXP01,ROU_IMP01
ECU_EXP01,SVN_IMP01
ECU_EXP01,SWE_IMP01
ECU_EXP01,NOR_IMP01
ECU_EXP01,BEL_IMP01
ECU_EXP01,CYP_IMP01
ECU_EXP01,ESP_IMP01
ECU_EXP01,FRA_IMP01
ECU_EXP01,GBR_IMP01
ECU_EXP01,GRC_IMP01
ECU_EXP01,HRV_IMP01
ECU_EXP01,ITA_IMP01
ECU_EXP01,LTU_IMP01
ECU_EXP01,NLD_IMP01
ECU_EXP01,POL_IMP01
ECU_EXP01,PRT_IMP01
DOM_EXP01,BGR_IMP01
DOM_EXP01,DNK_IMP01
DOM_EXP01,EST_IMP01
DOM_EXP01,FIN_IMP01
DOM_EXP01,DEU_IMP01
DOM_EXP01,IRL_IMP01
DOM_EXP01,LVA_IMP01
DOM_EXP01,MLT_IMP01
DOM_EXP01,ROU_IMP01
DOM_EXP01,SVN_IMP01
DOM_EXP01,SWE_IMP01
DOM_EXP01,NOR_IMP01
DOM_EXP01,BEL_IMP01
DOM_EXP01,CYP_IMP01
DOM_EXP01,ESP_IMP01
DOM_EXP01,FRA_IMP01
DOM_EXP01,GBR_IMP01
DOM_EXP01,GRC_IMP01
DOM_EXP01,HRV_IMP01
DOM_EXP01,ITA_IMP01
DOM_EXP01,LTU_IMP01
DOM_EXP01,NLD_IMP01
DOM_EXP01,POL_IMP01
DOM_EXP01,PRT_IMP01
DMA_EXP01,BGR_IMP01
DMA_EXP01,DNK_IMP01
DMA_EXP01,EST_IMP01
DMA_EXP01,FIN_IMP01
DMA_EXP01,DEU_IMP01
DMA_EXP01,IRL_IMP01
DMA_EXP01,LVA_IMP01
DMA_EXP01,MLT_IMP01
DMA_EXP01,ROU_IMP01
DMA_EXP01,SVN_IMP01
DMA_EXP01,SWE_IMP01
DMA_EXP01,NOR_IMP01
DMA_EXP01,BEL_IMP01
DMA_EXP01,CYP_IMP01
DMA_EXP01,ESP_IMP01
DMA_EXP01,FRA_IMP01
DMA_EXP01,GBR_IMP01
DMA_EXP01,GRC_IMP01
DMA_EXP01,HRV_IMP01
DMA_EXP01,ITA_IMP01
DMA_EXP01,LTU_IMP01
DMA_EXP01,NLD_IMP01
DMA_EXP01,POL_IMP01
DMA_EXP01,PRT_IMP01
DJI_EXP01,BGR_IMP01
DJI_EXP01,DNK_IMP01
DJI_EXP01,EST_IMP01
DJI_EXP01,FIN_IMP01
DJI_EXP01,DEU_IMP01
DJI_EXP01,IRL_IMP01
DJI_EXP01,LVA_IMP01
DJI_EXP01,MLT_IMP01
DJI_EXP01,ROU_IMP01
DJI_EXP01,SVN_IMP01
DJI_EXP01,SWE_IMP01
DJI_EXP01,NOR_IMP01
DJI_EXP01,BEL_IMP01
DJI_EXP01,CYP_IMP01
DJI_EXP01,ESP_IMP01
DJI_EXP01,FRA_IMP01
DJI_EXP01,GBR_IMP01
DJI_EXP01,GRC_IMP01
DJI_EXP01,HRV_IMP01
DJI_EXP01,ITA_IMP01
DJI_EXP01,LTU_IMP01
DJI_EXP01,NLD_IMP01
DJI_EXP01,POL_IMP01
DJI_EXP01,PRT_IMP01
CIV_EXP01,BGR_IMP01
CIV_EXP01,DNK_IMP01
CIV_EXP01,EST_IMP01
CIV_EXP01,FIN_IMP01
CIV_EXP01,DEU_IMP01
CIV_EXP01,IRL_IMP01
CIV_EXP01,LVA_IMP01
CIV_EXP01,MLT_IMP01
CIV_EXP01,ROU_IMP01
CIV_EXP01,SVN_IMP01
CIV_EXP01,SWE_IMP01
CIV_EXP01,NOR_IMP01
CIV_EXP01,BEL_IMP01
CIV_EXP01,CYP_IMP01
CIV_EXP01,ESP_IMP01
CIV_EXP01,FRA_IMP01
CIV_EXP01,GBR_IMP01
CIV_EXP01,GRC_IMP01
CIV_EXP01,HRV_IMP01
CIV_EXP01,ITA_IMP01
CIV_EXP01,LTU_IMP01
CIV_EXP01,NLD_IMP01
CIV_EXP01,POL_IMP01
CIV_EXP01,PRT_IMP01
CUW_EXP01,BGR_IMP01
CUW_EXP01,DNK_IMP01
CUW_EXP01,EST_IMP01
CUW_EXP01,FIN_IMP01
CUW_EXP01,DEU_IMP01
CUW_EXP01,IRL_IMP01
CUW_EXP01,LVA_IMP01
CUW_EXP01,MLT_IMP01
CUW_EXP01,ROU_IMP01
CUW_EXP01,SVN_IMP01
CUW_EXP01,SWE_IMP01
CUW_EXP01,NOR_IMP01
CUW_EXP01,BEL_IMP01
CUW_EXP01,CYP_IMP01
CUW_EXP01,ESP_IMP01
CUW_EXP01,FRA_IMP01
CUW_EXP01,GBR_IMP01
CUW_EXP01,GRC_IMP01
CUW_EXP01,HRV_IMP01
CUW_EXP01,ITA_IMP01
CUW_EXP01,LTU_IMP01
CUW_EXP01,NLD_IMP01
CUW_EXP01,POL_IMP01
CUW_EXP01,PRT_IMP01
CUB_EXP01,BGR_IMP01
CUB_EXP01,DNK_IMP01
CUB_EXP01,EST_IMP01
CUB_EXP01,FIN_IMP01
CUB_EXP01,DEU_IMP01
CUB_EXP01,IRL_IMP01
CUB_EXP01,LVA_IMP01
CUB_EXP01,MLT_IMP01
CUB_EXP01,ROU_IMP01
CUB_EXP01,SVN_IMP01
CUB_EXP01,SWE_IMP01
CUB_EXP01,NOR_IMP01
CUB_EXP01,BEL_IMP01
CUB_EXP01,CYP_IMP01
CUB_EXP01,ESP_IMP01
CUB_EXP01,FRA_IMP01
CUB_EXP01,GBR_IMP01
CUB_EXP01,GRC_IMP01
CUB_EXP01,HRV_IMP01
CUB_EXP01,ITA_IMP01
CUB_EXP01,LTU_IMP01
CUB_EXP01,NLD_IMP01
CUB_EXP01,POL_IMP01
CUB_EXP01,PRT_IMP01
CRI_EXP01,BGR_IMP01
CRI_EXP01,DNK_IMP01
CRI_EXP01,EST_IMP01
CRI_EXP01,FIN_IMP01
CRI_EXP01,DEU_IMP01
CRI_EXP01,IRL_IMP01
CRI_EXP01,LVA_IMP01
CRI_EXP01,MLT_IMP01
CRI_EXP01,ROU_IMP01
CRI_EXP01,SVN_IMP01
CRI_EXP01,SWE_IMP01
CRI_EXP01,NOR_IMP01
CRI_EXP01,BEL_IMP01
CRI_EXP01,CYP_IMP01
CRI_EXP01,ESP_IMP01
CRI_EXP01,FRA_IMP01
CRI_EXP01,GBR_IMP01
CRI_EXP01,GRC_IMP01
CRI_EXP01,HRV_IMP01
CRI_EXP01,ITA_IMP01
CRI_EXP01,LTU_IMP01
CRI_EXP01,NLD_IMP01
CRI_EXP01,POL_IMP01
CRI_EXP01,PRT_IMP01
COK_EXP01,BGR_IMP01
COK_EXP01,DNK_IMP01
COK_EXP01,EST_IMP01
COK_EXP01,FIN_IMP01
COK_EXP01,DEU_IMP01
COK_EXP01,IRL_IMP01
COK_EXP01,LVA_IMP01
COK_EXP01,MLT_IMP01
COK_EXP01,ROU_IMP01
COK_EXP01,SVN_IMP01
COK_EXP01,SWE_IMP01
COK_EXP01,NOR_IMP01
COK_EXP01,BEL_IMP01
COK_EXP01,CYP_IMP01
COK_EXP01,ESP_IMP01
COK_EXP01,FRA_IMP01
COK_EXP01,GBR_IMP01
COK_EXP01,GRC_IMP01
COK_EXP01,HRV_IMP01
COK_EXP01,ITA_IMP01
COK_EXP01,LTU_IMP01
COK_EXP01,NLD_IMP01
COK_EXP01,POL_IMP01
COK_EXP01,PRT_IMP01
COD_EXP01,BGR_IMP01
COD_EXP01,DNK_IMP01
COD_EXP01,EST_IMP01
COD_EXP01,FIN_IMP01
COD_EXP01,DEU_IMP01
COD_EXP01,IRL_IMP01
COD_EXP01,LVA_IMP01
COD_EXP01,MLT_IMP01
COD_EXP01,ROU_IMP01
COD_EXP01,SVN_IMP01
COD_EXP01,SWE_IMP01
COD_EXP01,NOR_IMP01
COD_EXP01,BEL_IMP01
COD_EXP01,CYP_IMP01
COD_EXP01,ESP_IMP01
COD_EXP01,FRA_IMP01
COD_EXP01,GBR_IMP01
COD_EXP01,GRC_IMP01
COD_EXP01,HRV_IMP01
COD_EXP01,ITA_IMP01
COD_EXP01,LTU_IMP01
COD_EXP01,NLD_IMP01
COD_EXP01,POL_IMP01
COD_EXP01,PRT_IMP01
COG_EXP01,BGR_IMP01
COG_EXP01,DNK_IMP01
COG_EXP01,EST_IMP01
COG_EXP01,FIN_IMP01
COG_EXP01,DEU_IMP01
COG_EXP01,IRL_IMP01
COG_EXP01,LVA_IMP01
COG_EXP01,MLT_IMP01
COG_EXP01,ROU_IMP01
COG_EXP01,SVN_IMP01
COG_EXP01,SWE_IMP01
COG_EXP01,NOR_IMP01
COG_EXP01,BEL_IMP01
COG_EXP01,CYP_IMP01
COG_EXP01,ESP_IMP01
COG_EXP01,FRA_IMP01
COG_EXP01,GBR_IMP01
COG_EXP01,GRC_IMP01
COG_EXP01,HRV_IMP01
COG_EXP01,ITA_IMP01
COG_EXP01,LTU_IMP01
COG_EXP01,NLD_IMP01
COG_EXP01,POL_IMP01
COG_EXP01,PRT_IMP01
COM_EXP01,BGR_IMP01
COM_EXP01,DNK_IMP01
COM_EXP01,EST_IMP01
COM_EXP01,FIN_IMP01
COM_EXP01,DEU_IMP01
COM_EXP01,IRL_IMP01
COM_EXP01,LVA_IMP01
COM_EXP01,MLT_IMP01
COM_EXP01,ROU_IMP01
COM_EXP01,SVN_IMP01
COM_EXP01,SWE_IMP01
COM_EXP01,NOR_IMP01
COM_EXP01,BEL_IMP01
COM_EXP01,CYP_IMP01
COM_EXP01,ESP_IMP01
COM_EXP01,FRA_IMP01
COM_EXP01,GBR_IMP01
COM_EXP01,GRC_IMP01
COM_EXP01,HRV_IMP01
COM_EXP01,ITA_IMP01
COM_EXP01,LTU_IMP01
COM_EXP01,NLD_IMP01
COM_EXP01,POL_IMP01
COM_EXP01,PRT_IMP01
COL_EXP01,BGR_IMP01
COL_EXP01,DNK_IMP01
COL_EXP01,EST_IMP01
COL_EXP01,FIN_IMP01
COL_EXP01,DEU_IMP01
COL_EXP01,IRL_IMP01
COL_EXP01,LVA_IMP01
COL_EXP01,MLT_IMP01
COL_EXP01,ROU_IMP01
COL_EXP01,SVN_IMP01
COL_EXP01,SWE_IMP01
COL_EXP01,NOR_IMP01
COL_EXP01,BEL_IMP01
COL_EXP01,CYP_IMP01
COL_EXP01,ESP_IMP01
COL_EXP01,FRA_IMP01
COL_EXP01,GBR_IMP01
COL_EXP01,GRC_IMP01
COL_EXP01,HRV_IMP01
COL_EXP01,ITA_IMP01
COL_EXP01,LTU_IMP01
COL_EXP01,NLD_IMP01
COL_EXP01,POL_IMP01
COL_EXP01,PRT_IMP01
CXR_EXP01,BGR_IMP01
CXR_EXP01,DNK_IMP01
CXR_EXP01,EST_IMP01
CXR_EXP01,FIN_IMP01
CXR_EXP01,DEU_IMP01
CXR_EXP01,IRL_IMP01
CXR_EXP01,LVA_IMP01
CXR_EXP01,MLT_IMP01
CXR_EXP01,ROU_IMP01
CXR_EXP01,SVN_IMP01
CXR_EXP01,SWE_IMP01
CXR_EXP01,NOR_IMP01
CXR_EXP01,BEL_IMP01
CXR_EXP01,CYP_IMP01
CXR_EXP01,ESP_IMP01
CXR_EXP01,FRA_IMP01
CXR_EXP01,GBR_IMP01
CXR_EXP01,GRC_IMP01
CXR_EXP01,HRV_IMP01
CXR_EXP01,ITA_IMP01
CXR_EXP01,LTU_IMP01
CXR_EXP01,NLD_IMP01
CXR_EXP01,POL_IMP01
CXR_EXP01,PRT_IMP01
CHN_EXP01,BGR_IMP01
CHN_EXP01,DNK_IMP01
CHN_EXP01,EST_IMP01
CHN_EXP01,FIN_IMP01
CHN_EXP01,DEU_IMP01
CHN_EXP01,IRL_IMP01
CHN_EXP01,LVA_IMP01
CHN_EXP01,MLT_IMP01
CHN_EXP01,ROU_IMP01
CHN_EXP01,SVN_IMP01
CHN_EXP01,SWE_IMP01
CHN_EXP01,NOR_IMP01
CHN_EXP01,BEL_IMP01
CHN_EXP01,CYP_IMP01
CHN_EXP01,ESP_IMP01
CHN_EXP01,FRA_IMP01
CHN_EXP01,GBR_IMP01
CHN_EXP01,GRC_IMP01
CHN_EXP01,HRV_IMP01
CHN_EXP01,ITA_IMP01
CHN_EXP01,LTU_IMP01
CHN_EXP01,NLD_IMP01
CHN_EXP01,POL_IMP01
CHN_EXP01,PRT_IMP01
CHL_EXP01,BGR_IMP01
CHL_EXP01,DNK_IMP01
CHL_EXP01,EST_IMP01
CHL_EXP01,FIN_IMP01
CHL_EXP01,DEU_IMP01
CHL_EXP01,IRL_IMP01
CHL_EXP01,LVA_IMP01
CHL_EXP01,MLT_IMP01
CHL_EXP01,ROU_IMP01
CHL_EXP01,SVN_IMP01
CHL_EXP01,SWE_IMP01
CHL_EXP01,NOR_IMP01
CHL_EXP01,BEL_IMP01
CHL_EXP01,CYP_IMP01
CHL_EXP01,ESP_IMP01
CHL_EXP01,FRA_IMP01
CHL_EXP01,GBR_IMP01
CHL_EXP01,GRC_IMP01
CHL_EXP01,HRV_IMP01
CHL_EXP01,ITA_IMP01
CHL_EXP01,LTU_IMP01
CHL_EXP01,NLD_IMP01
CHL_EXP01,POL_IMP01
CHL_EXP01,PRT_IMP01
CYM_EXP01,BGR_IMP01
CYM_EXP01,DNK_IMP01
CYM_EXP01,EST_IMP01
CYM_EXP01,FIN_IMP01
CYM_EXP01,DEU_IMP01
CYM_EXP01,IRL_IMP01
CYM_EXP01,LVA_IMP01
CYM_EXP01,MLT_IMP01
CYM_EXP01,ROU_IMP01
CYM_EXP01,SVN_IMP01
CYM_EXP01,SWE_IMP01
CYM_EXP01,NOR_IMP01
CYM_EXP01,BEL_IMP01
CYM_EXP01,CYP_IMP01
CYM_EXP01,ESP_IMP01
CYM_EXP01,FRA_IMP01
CYM_EXP01,GBR_IMP01
CYM_EXP01,GRC_IMP01
CYM_EXP01,HRV_IMP01
CYM_EXP01,ITA_IMP01
CYM_EXP01,LTU_IMP01
CYM_EXP01,NLD_IMP01
CYM_EXP01,POL_IMP01
CYM_EXP01,PRT_IMP01
CAN_EXP01,BGR_IMP01
CAN_EXP01,DNK_IMP01
CAN_EXP01,EST_IMP01
CAN_EXP01,FIN_IMP01
CAN_EXP01,DEU_IMP01
CAN_EXP01,IRL_IMP01
CAN_EXP01,LVA_IMP01
CAN_EXP01,MLT_IMP01
CAN_EXP01,ROU_IMP01
CAN_EXP01,SVN_IMP01
CAN_EXP01,SWE_IMP01
CAN_EXP01,NOR_IMP01
CAN_EXP01,BEL_IMP01
CAN_EXP01,CYP_IMP01
CAN_EXP01,ESP_IMP01
CAN_EXP01,FRA_IMP01
CAN_EXP01,GBR_IMP01
CAN_EXP01,GRC_IMP01
CAN_EXP01,HRV_IMP01
CAN_EXP01,ITA_IMP01
CAN_EXP01,LTU_IMP01
CAN_EXP01,NLD_IMP01
CAN_EXP01,POL_IMP01
CAN_EXP01,PRT_IMP01
CMR_EXP01,BGR_IMP01
CMR_EXP01,DNK_IMP01
CMR_EXP01,EST_IMP01
CMR_EXP01,FIN_IMP01
CMR_EXP01,DEU_IMP01
CMR_EXP01,IRL_IMP01
CMR_EXP01,LVA_IMP01
CMR_EXP01,MLT_IMP01
CMR_EXP01,ROU_IMP01
CMR_EXP01,SVN_IMP01
CMR_EXP01,SWE_IMP01
CMR_EXP01,NOR_IMP01
CMR_EXP01,BEL_IMP01
CMR_EXP01,CYP_IMP01
CMR_EXP01,ESP_IMP01
CMR_EXP01,FRA_IMP01
CMR_EXP01,GBR_IMP01
CMR_EXP01,GRC_IMP01
CMR_EXP01,HRV_IMP01
CMR_EXP01,ITA_IMP01
CMR_EXP01,LTU_IMP01
CMR_EXP01,NLD_IMP01
CMR_EXP01,POL_IMP01
CMR_EXP01,PRT_IMP01
KHM_EXP01,BGR_IMP01
KHM_EXP01,DNK_IMP01
KHM_EXP01,EST_IMP01
KHM_EXP01,FIN_IMP01
KHM_EXP01,DEU_IMP01
KHM_EXP01,IRL_IMP01
KHM_EXP01,LVA_IMP01
KHM_EXP01,MLT_IMP01
KHM_EXP01,ROU_IMP01
KHM_EXP01,SVN_IMP01
KHM_EXP01,SWE_IMP01
KHM_EXP01,NOR_IMP01
KHM_EXP01,BEL_IMP01
KHM_EXP01,CYP_IMP01
KHM_EXP01,ESP_IMP01
KHM_EXP01,FRA_IMP01
KHM_EXP01,GBR_IMP01
KHM_EXP01,GRC_IMP01
KHM_EXP01,HRV_IMP01
KHM_EXP01,ITA_IMP01
KHM_EXP01,LTU_IMP01
KHM_EXP01,NLD_IMP01
KHM_EXP01,POL_IMP01
KHM_EXP01,PRT_IMP01
CPV_EXP01,BGR_IMP01
CPV_EXP01,DNK_IMP01
CPV_EXP01,EST_IMP01
CPV_EXP01,FIN_IMP01
CPV_EXP01,DEU_IMP01
CPV_EXP01,IRL_IMP01
CPV_EXP01,LVA_IMP01
CPV_EXP01,MLT_IMP01
CPV_EXP01,ROU_IMP01
CPV_EXP01,SVN_IMP01
CPV_EXP01,SWE_IMP01
CPV_EXP01,NOR_IMP01
CPV_EXP01,BEL_IMP01
CPV_EXP01,CYP_IMP01
CPV_EXP01,ESP_IMP01
CPV_EXP01,FRA_IMP01
CPV_EXP01,GBR_IMP01
CPV_EXP01,GRC_IMP01
CPV_EXP01,HRV_IMP01
CPV_EXP01,ITA_IMP01
CPV_EXP01,LTU_IMP01
CPV_EXP01,NLD_IMP01
CPV_EXP01,POL_IMP01
CPV_EXP01,PRT_IMP01
BRA_EXP01,BGR_IMP01
BRA_EXP01,DNK_IMP01
BRA_EXP01,EST_IMP01
BRA_EXP01,FIN_IMP01
BRA_EXP01,DEU_IMP01
BRA_EXP01,IRL_IMP01
BRA_EXP01,LVA_IMP01
BRA_EXP01,MLT_IMP01
BRA_EXP01,ROU_IMP01
BRA_EXP01,SVN_IMP01
BRA_EXP01,SWE_IMP01
BRA_EXP01,NOR_IMP01
BRA_EXP01,BEL_IMP01
BRA_EXP01,CYP_IMP01
BRA_EXP01,ESP_IMP01
BRA_EXP01,FRA_IMP01
BRA_EXP01,GBR_IMP01
BRA_EXP01,GRC_IMP01
BRA_EXP01,HRV_IMP01
BRA_EXP01,ITA_IMP01
BRA_EXP01,LTU_IMP01
BRA_EXP01,NLD_IMP01
BRA_EXP01,POL_IMP01
BRA_EXP01,PRT_IMP01
BES_EXP01,BGR_IMP01
BES_EXP01,DNK_IMP01
BES_EXP01,EST_IMP01
BES_EXP01,FIN_IMP01
BES_EXP01,DEU_IMP01
BES_EXP01,IRL_IMP01
BES_EXP01,LVA_IMP01
BES_EXP01,MLT_IMP01
BES_EXP01,ROU_IMP01
BES_EXP01,SVN_IMP01
BES_EXP01,SWE_IMP01
BES_EXP01,NOR_IMP01
BES_EXP01,BEL_IMP01
BES_EXP01,CYP_IMP01
BES_EXP01,ESP_IMP01
BES_EXP01,FRA_IMP01
BES_EXP01,GBR_IMP01
BES_EXP01,GRC_IMP01
BES_EXP01,HRV_IMP01
BES_EXP01,ITA_IMP01
BES_EXP01,LTU_IMP01
BES_EXP01,NLD_IMP01
BES_EXP01,POL_IMP01
BES_EXP01,PRT_IMP01
BMU_EXP01,BGR_IMP01
BMU_EXP01,DNK_IMP01
BMU_EXP01,EST_IMP01
BMU_EXP01,FIN_IMP01
BMU_EXP01,DEU_IMP01
BMU_EXP01,IRL_IMP01
BMU_EXP01,LVA_IMP01
BMU_EXP01,MLT_IMP01
BMU_EXP01,ROU_IMP01
BMU_EXP01,SVN_IMP01
BMU_EXP01,SWE_IMP01
BMU_EXP01,NOR_IMP01
BMU_EXP01,BEL_IMP01
BMU_EXP01,CYP_IMP01
BMU_EXP01,ESP_IMP01
BMU_EXP01,FRA_IMP01
BMU_EXP01,GBR_IMP01
BMU_EXP01,GRC_IMP01
BMU_EXP01,HRV_IMP01
BMU_EXP01,ITA_IMP01
BMU_EXP01,LTU_IMP01
BMU_EXP01,NLD_IMP01
BMU_EXP01,POL_IMP01
BMU_EXP01,PRT_IMP01
BEN_EXP01,BGR_IMP01
BEN_EXP01,DNK_IMP01
BEN_EXP01,EST_IMP01
BEN_EXP01,FIN_IMP01
BEN_EXP01,DEU_IMP01
BEN_EXP01,IRL_IMP01
BEN_EXP01,LVA_IMP01
BEN_EXP01,MLT_IMP01
BEN_EXP01,ROU_IMP01
BEN_EXP01,SVN_IMP01
BEN_EXP01,SWE_IMP01
BEN_EXP01,NOR_IMP01
BEN_EXP01,BEL_IMP01
BEN_EXP01,CYP_IMP01
BEN_EXP01,ESP_IMP01
BEN_EXP01,FRA_IMP01
BEN_EXP01,GBR_IMP01
BEN_EXP01,GRC_IMP01
BEN_EXP01,HRV_IMP01
BEN_EXP01,ITA_IMP01
BEN_EXP01,LTU_IMP01
BEN_EXP01,NLD_IMP01
BEN_EXP01,POL_IMP01
BEN_EXP01,PRT_IMP01
BLZ_EXP01,BGR_IMP01
BLZ_EXP01,DNK_IMP01
BLZ_EXP01,EST_IMP01
BLZ_EXP01,FIN_IMP01
BLZ_EXP01,DEU_IMP01
BLZ_EXP01,IRL_IMP01
BLZ_EXP01,LVA_IMP01
BLZ_EXP01,MLT_IMP01
BLZ_EXP01,ROU_IMP01
BLZ_EXP01,SVN_IMP01
BLZ_EXP01,SWE_IMP01
BLZ_EXP01,NOR_IMP01
BLZ_EXP01,BEL_IMP01
BLZ_EXP01,CYP_IMP01
BLZ_EXP01,ESP_IMP01
BLZ_EXP01,FRA_IMP01
BLZ_EXP01,GBR_IMP01
BLZ_EXP01,GRC_IMP01
BLZ_EXP01,HRV_IMP01
BLZ_EXP01,ITA_IMP01
BLZ_EXP01,LTU_IMP01
BLZ_EXP01,NLD_IMP01
BLZ_EXP01,POL_IMP01
BLZ_EXP01,PRT_IMP01
BRB_EXP01,BGR_IMP01
BRB_EXP01,DNK_IMP01
BRB_EXP01,EST_IMP01
BRB_EXP01,FIN_IMP01
BRB_EXP01,DEU_IMP01
BRB_EXP01,IRL_IMP01
BRB_EXP01,LVA_IMP01
BRB_EXP01,MLT_IMP01
BRB_EXP01,ROU_IMP01
BRB_EXP01,SVN_IMP01
BRB_EXP01,SWE_IMP01
BRB_EXP01,NOR_IMP01
BRB_EXP01,BEL_IMP01
BRB_EXP01,CYP_IMP01
BRB_EXP01,ESP_IMP01
BRB_EXP01,FRA_IMP01
BRB_EXP01,GBR_IMP01
BRB_EXP01,GRC_IMP01
BRB_EXP01,HRV_IMP01
BRB_EXP01,ITA_IMP01
BRB_EXP01,LTU_IMP01
BRB_EXP01,NLD_IMP01
BRB_EXP01,POL_IMP01
BRB_EXP01,PRT_IMP01
BGD_EXP01,BGR_IMP01
BGD_EXP01,DNK_IMP01
BGD_EXP01,EST_IMP01
BGD_EXP01,FIN_IMP01
BGD_EXP01,DEU_IMP01
BGD_EXP01,IRL_IMP01
BGD_EXP01,LVA_IMP01
BGD_EXP01,MLT_IMP01
BGD_EXP01,ROU_IMP01
BGD_EXP01,SVN_IMP01
BGD_EXP01,SWE_IMP01
BGD_EXP01,NOR_IMP01
BGD_EXP01,BEL_IMP01
BGD_EXP01,CYP_IMP01
BGD_EXP01,ESP_IMP01
BGD_EXP01,FRA_IMP01
BGD_EXP01,GBR_IMP01
BGD_EXP01,GRC_IMP01
BGD_EXP01,HRV_IMP01
BGD_EXP01,ITA_IMP01
BGD_EXP01,LTU_IMP01
BGD_EXP01,NLD_IMP01
BGD_EXP01,POL_IMP01
BGD_EXP01,PRT_IMP01
BHR_EXP01,BGR_IMP01
BHR_EXP01,DNK_IMP01
BHR_EXP01,EST_IMP01
BHR_EXP01,FIN_IMP01
BHR_EXP01,DEU_IMP01
BHR_EXP01,IRL_IMP01
BHR_EXP01,LVA_IMP01
BHR_EXP01,MLT_IMP01
BHR_EXP01,ROU_IMP01
BHR_EXP01,SVN_IMP01
BHR_EXP01,SWE_IMP01
BHR_EXP01,NOR_IMP01
BHR_EXP01,BEL_IMP01
BHR_EXP01,CYP_IMP01
BHR_EXP01,ESP_IMP01
BHR_EXP01,FRA_IMP01
BHR_EXP01,GBR_IMP01
BHR_EXP01,GRC_IMP01
BHR_EXP01,HRV_IMP01
BHR_EXP01,ITA_IMP01
BHR_EXP01,LTU_IMP01
BHR_EXP01,NLD_IMP01
BHR_EXP01,POL_IMP01
BHR_EXP01,PRT_IMP01
BHS_EXP01,BGR_IMP01
BHS_EXP01,DNK_IMP01
BHS_EXP01,EST_IMP01
BHS_EXP01,FIN_IMP01
BHS_EXP01,DEU_IMP01
BHS_EXP01,IRL_IMP01
BHS_EXP01,LVA_IMP01
BHS_EXP01,MLT_IMP01
BHS_EXP01,ROU_IMP01
BHS_EXP01,SVN_IMP01
BHS_EXP01,SWE_IMP01
BHS_EXP01,NOR_IMP01
BHS_EXP01,BEL_IMP01
BHS_EXP01,CYP_IMP01
BHS_EXP01,ESP_IMP01
BHS_EXP01,FRA_IMP01
BHS_EXP01,GBR_IMP01
BHS_EXP01,GRC_IMP01
BHS_EXP01,HRV_IMP01
BHS_EXP01,ITA_IMP01
BHS_EXP01,LTU_IMP01
BHS_EXP01,NLD_IMP01
BHS_EXP01,POL_IMP01
BHS_EXP01,PRT_IMP01
AUS_EXP01,BGR_IMP01
AUS_EXP01,DNK_IMP01
AUS_EXP01,EST_IMP01
AUS_EXP01,FIN_IMP01
AUS_EXP01,DEU_IMP01
AUS_EXP01,IRL_IMP01
AUS_EXP01,LVA_IMP01
AUS_EXP01,MLT_IMP01
AUS_EXP01,ROU_IMP01
AUS_EXP01,SVN_IMP01
AUS_EXP01,SWE_IMP01
AUS_EXP01,NOR_IMP01
AUS_EXP01,BEL_IMP01
AUS_EXP01,CYP_IMP01
AUS_EXP01,ESP_IMP01
AUS_EXP01,FRA_IMP01
AUS_EXP01,GBR_IMP01
AUS_EXP01,GRC_IMP01
AUS_EXP01,HRV_IMP01
AUS_EXP01,ITA_IMP01
AUS_EXP01,LTU_IMP01
AUS_EXP01,NLD_IMP01
AUS_EXP01,POL_IMP01
AUS_EXP01,PRT_IMP01
ABW_EXP01,BGR_IMP01
ABW_EXP01,DNK_IMP01
ABW_EXP01,EST_IMP01
ABW_EXP01,FIN_IMP01
ABW_EXP01,DEU_IMP01
ABW_EXP01,IRL_IMP01
ABW_EXP01,LVA_IMP01
ABW_EXP01,MLT_IMP01
ABW_EXP01,ROU_IMP01
ABW_EXP01,SVN_IMP01
ABW_EXP01,SWE_IMP01
ABW_EXP01,NOR_IMP01
ABW_EXP01,BEL_IMP01
ABW_EXP01,CYP_IMP01
ABW_EXP01,ESP_IMP01
ABW_EXP01,FRA_IMP01
ABW_EXP01,GBR_IMP01
ABW_EXP01,GRC_IMP01
ABW_EXP01,HRV_IMP01
ABW_EXP01,ITA_IMP01
ABW_EXP01,LTU_IMP01
ABW_EXP01,NLD_IMP01
ABW_EXP01,POL_IMP01
ABW_EXP01,PRT_IMP01
ARG_EXP01,BGR_IMP01
ARG_EXP01,DNK_IMP01
ARG_EXP01,EST_IMP01
ARG_EXP01,FIN_IMP01
ARG_EXP01,DEU_IMP01
ARG_EXP01,IRL_IMP01
ARG_EXP01,LVA_IMP01
ARG_EXP01,MLT_IMP01
ARG_EXP01,ROU_IMP01
ARG_EXP01,SVN_IMP01
ARG_EXP01,SWE_IMP01
ARG_EXP01,NOR_IMP01
ARG_EXP01,BEL_IMP01
ARG_EXP01,CYP_IMP01
ARG_EXP01,ESP_IMP01
ARG_EXP01,FRA_IMP01
ARG_EXP01,GBR_IMP01
ARG_EXP01,GRC_IMP01
ARG_EXP01,HRV_IMP01
ARG_EXP01,ITA_IMP01
ARG_EXP01,LTU_IMP01
ARG_EXP01,NLD_IMP01
ARG_EXP01,POL_IMP01
ARG_EXP01,PRT_IMP01
ATG_EXP01,BGR_IMP01
ATG_EXP01,DNK_IMP01
ATG_EXP01,EST_IMP01
ATG_EXP01,FIN_IMP01
ATG_EXP01,DEU_IMP01
ATG_EXP01,IRL_IMP01
ATG_EXP01,LVA_IMP01
ATG_EXP01,MLT_IMP01
ATG_EXP01,ROU_IMP01
ATG_EXP01,SVN_IMP01
ATG_EXP01,SWE_IMP01
ATG_EXP01,NOR_IMP01
ATG_EXP01,BEL_IMP01
ATG_EXP01,CYP_IMP01
ATG_EXP01,ESP_IMP01
ATG_EXP01,FRA_IMP01
ATG_EXP01,GBR_IMP01
ATG_EXP01,GRC_IMP01
ATG_EXP01,HRV_IMP01
ATG_EXP01,ITA_IMP01
ATG_EXP01,LTU_IMP01
ATG_EXP01,NLD_IMP01
ATG_EXP01,POL_IMP01
ATG_EXP01,PRT_IMP01
AIA_EXP01,BGR_IMP01
AIA_EXP01,DNK_IMP01
AIA_EXP01,EST_IMP01
AIA_EXP01,FIN_IMP01
AIA_EXP01,DEU_IMP01
AIA_EXP01,IRL_IMP01
AIA_EXP01,LVA_IMP01
AIA_EXP01,MLT_IMP01
AIA_EXP01,ROU_IMP01
AIA_EXP01,SVN_IMP01
AIA_EXP01,SWE_IMP01
AIA_EXP01,NOR_IMP01
AIA_EXP01,BEL_IMP01
AIA_EXP01,CYP_IMP01
AIA_EXP01,ESP_IMP01
AIA_EXP01,FRA_IMP01
AIA_EXP01,GBR_IMP01
AIA_EXP01,GRC_IMP01
AIA_EXP01,HRV_IMP01
AIA_EXP01,ITA_IMP01
AIA_EXP01,LTU_IMP01
AIA_EXP01,NLD_IMP01
AIA_EXP01,POL_IMP01
AIA_EXP01,PRT_IMP01
AGO_EXP01,BGR_IMP01
AGO_EXP01,DNK_IMP01
AGO_EXP01,EST_IMP01
AGO_EXP01,FIN_IMP01
AGO_EXP01,DEU_IMP01
AGO_EXP01,IRL_IMP01
AGO_EXP01,LVA_IMP01
AGO_EXP01,MLT_IMP01
AGO_EXP01,ROU_IMP01
AGO_EXP01,SVN_IMP01
AGO_EXP01,SWE_IMP01
AGO_EXP01,NOR_IMP01
AGO_EXP01,BEL_IMP01
AGO_EXP01,CYP_IMP01
AGO_EXP01,ESP_IMP01
AGO_EXP01,FRA_IMP01
AGO_EXP01,GBR_IMP01
AGO_EXP01,GRC_IMP01
AGO_EXP01,HRV_IMP01
AGO_EXP01,ITA_IMP01
AGO_EXP01,LTU_IMP01
AGO_EXP01,NLD_IMP01
AGO_EXP01,POL_IMP01
AGO_EXP01,PRT_IMP01
ASM_EXP01,BGR_IMP01
ASM_EXP01,DNK_IMP01
ASM_EXP01,EST_IMP01
ASM_EXP01,FIN_IMP01
ASM_EXP01,DEU_IMP01
ASM_EXP01,IRL_IMP01
ASM_EXP01,LVA_IMP01
ASM_EXP01,MLT_IMP01
ASM_EXP01,ROU_IMP01
ASM_EXP01,SVN_IMP01
ASM_EXP01,SWE_IMP01
ASM_EXP01,NOR_IMP01
ASM_EXP01,BEL_IMP01
ASM_EXP01,CYP_IMP01
ASM_EXP01,ESP_IMP01
ASM_EXP01,FRA_IMP01
ASM_EXP01,GBR_IMP01
ASM_EXP01,GRC_IMP01
ASM_EXP01,HRV_IMP01
ASM_EXP01,ITA_IMP01
ASM_EXP01,LTU_IMP01
ASM_EXP01,NLD_IMP01
ASM_EXP01,POL_IMP01
ASM_EXP01,PRT_IMP01
DZA_EXP01,BGR_IMP01
DZA_EXP01,DNK_IMP01
DZA_EXP01,EST_IMP01
DZA_EXP01,FIN_IMP01
DZA_EXP01,DEU_IMP01
DZA_EXP01,IRL_IMP01
DZA_EXP01,LVA_IMP01
DZA_EXP01,MLT_IMP01
DZA_EXP01,ROU_IMP01
DZA_EXP01,SVN_IMP01
DZA_EXP01,SWE_IMP01
DZA_EXP01,NOR_IMP01
DZA_EXP01,BEL_IMP01
DZA_EXP01,CYP_IMP01
DZA_EXP01,ESP_IMP01
DZA_EXP01,FRA_IMP01
DZA_EXP01,GBR_IMP01
DZA_EXP01,GRC_IMP01
DZA_EXP01,HRV_IMP01
DZA_EXP01,ITA_IMP01
DZA_EXP01,LTU_IMP01
DZA_EXP01,NLD_IMP01
DZA_EXP01,POL_IMP01
DZA_EXP01,PRT_IMP01
ALB_EXP01,BGR_IMP01
ALB_EXP01,DNK_IMP01
ALB_EXP01,EST_IMP01
ALB_EXP01,FIN_IMP01
ALB_EXP01,DEU_IMP01
ALB_EXP01,IRL_IMP01
ALB_EXP01,LVA_IMP01
ALB_EXP01,MLT_IMP01
ALB_EXP01,ROU_IMP01
ALB_EXP01,SVN_IMP01
ALB_EXP01,SWE_IMP01
ALB_EXP01,NOR_IMP01
ALB_EXP01,BEL_IMP01
ALB_EXP01,CYP_IMP01
ALB_EXP01,ESP_IMP01
ALB_EXP01,FRA_IMP01
ALB_EXP01,GBR_IMP01
ALB_EXP01,GRC_IMP01
ALB_EXP01,HRV_IMP01
ALB_EXP01,ITA_IMP01
ALB_EXP01,LTU_IMP01
ALB_EXP01,NLD_IMP01
ALB_EXP01,POL_IMP01
ALB_EXP01,PRT_IMP01
NOR_EXP01,BGR_IMP01
NOR_EXP01,DNK_IMP01
NOR_EXP01,EST_IMP01
NOR_EXP01,FIN_IMP01
NOR_EXP01,DEU_IMP01
NOR_EXP01,IRL_IMP01
NOR_EXP01,LVA_IMP01
NOR_EXP01,MLT_IMP01
NOR_EXP01,ROU_IMP01
NOR_EXP01,SVN_IMP01
NOR_EXP01,SWE_IMP01
NOR_EXP01,NOR_IMP01
NOR_EXP01,BEL_IMP01
NOR_EXP01,CYP_IMP01
NOR_EXP01,ESP_IMP01
NOR_EXP01,FRA_IMP01
NOR_EXP01,GBR_IMP01
NOR_EXP01,GRC_IMP01
NOR_EXP01,HRV_IMP01
NOR_EXP01,ITA_IMP01
NOR_EXP01,LTU_IMP01
NOR_EXP01,NLD_IMP01
NOR_EXP01,POL_IMP01
NOR_EXP01,PRT_IMP01
