Node_import,Transport_international,Unit,Capacity,2020,2021,2022,2023,2024,2025,2026,2027,2028,2029,2030,2031,2032,2033,2034,2035,2036,2037,2038,2039,2040,2041,2042,2043,2044,2045,2046,2047,2048,2049,2050
BEL_PIPE0001,Pip,[TWh/year],178.12,0,,,,,,,,,,,,,,,,,,,,,,,,,,,,,,
DEU_PIPE0001,Pip,[TWh/year],154.2855,0,,,,,,,,,,,,,,,,,,,,,,,,,,,,,,
DEU_PIPE0002,Pip,[TWh/year],540.784,0,,,,,,,,,,,,,,,,,,,,,,,,,,,,,,
DEU_PIPE0003,Pip,[TWh/year],0,0,,,,,,,,,,,,,,,,,,,,,,,,,,,,,,
DEU_PIPE0004,Pip,[TWh/year],635.83,0,,,,,,,,,,,,,,,,,,,,635.83,,,,,,,,,,
DEU_PIPE0005,Pip,[TWh/year],154.2855,0,,,,,,,,,,,,,,,,,,,,,,,,,,,,,,
ESP_PIPE0001,Pip,[TWh/year],105.485,0,,,,,,,,,,,,,,,,,,,,105.485,,,,,,,,,,
ESP_PIPE0002,Pip,[TWh/year],161.5855,0,,,,,,,,,,,,,,,,,,,,161.5855,,,,,,,,,,
EST_PIPE0001,Pip,[TWh/year],13.0305,0,,,,,,,,,,,,,,,,,,,,,,,,,,,,,,
EST_PIPE0002,Pip,[TWh/year],0,0,,,,,,,,,,,,,,,,,,,,,,,,,,,,,,
FIN_PIPE0001,Pip,[TWh/year],80.3,0,,,,,,,,,,,,,,,,,,,,,,,,,,,,,,
FRA_PIPE0001,Pip,[TWh/year],208.05,0,,,,,,,,,,,,,,,,,,,,,,,,,,,,,,
GBR_PIPE0001,Pip,[TWh/year],257.617,0,,,,,,,,,,,,,,,,,,,,,,,,,,,,,,
GBR_PIPE0002,Pip,[TWh/year],289.5545,0,,,,,,,,,,,,,,,,,,,,,,,,,,,,,,
GRC_PIPE0001,Pip,[TWh/year],17.739,0,,,,,,,,,,,,,,,,,,,,17.739,,,,,,,,,,
HUN_PIPE0001,Pip,[TWh/year],188.559,0,,,,,,,,,,,,,,,,,,,,,,,,,,,,,,
ITA_PIPE0001,Pip,[TWh/year],419.8595,0,,,,,,,,,,419.8595,,,,,,,,,,,,,,,,,,,,
ITA_PIPE0002,Pip,[TWh/year],182.135,0,,,,,,,,,,,,,,,,,,,,,,,,,,,,,,
LTU_PIPE0001,Pip,[TWh/year],118.771,0,,,,,,,,,,,,,,,,,,,,,,,,,,,,,,
POL_PIPE0001,Pip,[TWh/year],61.7215,0,,,,,,,,,,,,,,,,,,,,,,,,,,,,,,
POL_PIPE0002,Pip,[TWh/year],373.8695,0,,,,,,,,,,,,,,,,,,,,,,,,,,,,,,
POL_PIPE0003,Pip,[TWh/year],49.494,0,,,,,,,,,,,,,,,,,,,,,,,,,,,,,,
ROU_PIPE0001,Pip,[TWh/year],271.268,0,,,,,,,,,,,,,,,,,,,,,,,,,,,,,,
ROU_PIPE0002,Pip,[TWh/year],0,0,,,,,,,,,,,,,,,,,,,,,,,,,,,,,,
SVK_PIPE0001,Pip,[TWh/year],740.22,0,,,,,,,,,,,,,,,,,,,,740.22,,,,,,,,,,
BEL_PORT0001,NH3,[TWh/year],1.00E+13,1.00E+13,,,,,,,,,,,,,,,,,,,,,,,,,,,,,,
BEL_PORT0002,NH3,[TWh/year],1.00E+13,1.00E+13,,,,,,,,,,,,,,,,,,,,,,,,,,,,,,
BEL_PORT0003,NH3,[TWh/year],1.00E+13,1.00E+13,,,,,,,,,,,,,,,,,,,,,,,,,,,,,,
BGR_PORT0001,NH3,[TWh/year],1.00E+13,1.00E+13,,,,,,,,,,,,,,,,,,,,,,,,,,,,,,
BGR_PORT0002,NH3,[TWh/year],1.00E+13,1.00E+13,,,,,,,,,,,,,,,,,,,,,,,,,,,,,,
CYP_PORT0001,NH3,[TWh/year],1.00E+13,1.00E+13,,,,,,,,,,,,,,,,,,,,,,,,,,,,,,
DEU_PORT0001,NH3,[TWh/year],1.00E+13,1.00E+13,,,,,,,,,,,,,,,,,,,,,,,,,,,,,,
DEU_PORT0002,NH3,[TWh/year],1.00E+13,1.00E+13,,,,,,,,,,,,,,,,,,,,,,,,,,,,,,
DEU_PORT0003,NH3,[TWh/year],1.00E+13,1.00E+13,,,,,,,,,,,,,,,,,,,,,,,,,,,,,,
DEU_PORT0004,NH3,[TWh/year],1.00E+13,1.00E+13,,,,,,,,,,,,,,,,,,,,,,,,,,,,,,
DEU_PORT0005,NH3,[TWh/year],1.00E+13,1.00E+13,,,,,,,,,,,,,,,,,,,,,,,,,,,,,,
DEU_PORT0006,NH3,[TWh/year],1.00E+13,1.00E+13,,,,,,,,,,,,,,,,,,,,,,,,,,,,,,
DEU_PORT0007,NH3,[TWh/year],1.00E+13,1.00E+13,,,,,,,,,,,,,,,,,,,,,,,,,,,,,,
DEU_PORT0008,NH3,[TWh/year],1.00E+13,1.00E+13,,,,,,,,,,,,,,,,,,,,,,,,,,,,,,
DEU_PORT0009,NH3,[TWh/year],1.00E+13,1.00E+13,,,,,,,,,,,,,,,,,,,,,,,,,,,,,,
DEU_PORT0010,NH3,[TWh/year],1.00E+13,1.00E+13,,,,,,,,,,,,,,,,,,,,,,,,,,,,,,
DEU_PORT0011,NH3,[TWh/year],1.00E+13,1.00E+13,,,,,,,,,,,,,,,,,,,,,,,,,,,,,,
DNK_PORT0001,NH3,[TWh/year],1.00E+13,1.00E+13,,,,,,,,,,,,,,,,,,,,,,,,,,,,,,
DNK_PORT0002,NH3,[TWh/year],1.00E+13,1.00E+13,,,,,,,,,,,,,,,,,,,,,,,,,,,,,,
DNK_PORT0003,NH3,[TWh/year],1.00E+13,1.00E+13,,,,,,,,,,,,,,,,,,,,,,,,,,,,,,
DNK_PORT0004,NH3,[TWh/year],1.00E+13,1.00E+13,,,,,,,,,,,,,,,,,,,,,,,,,,,,,,
DNK_PORT0005,NH3,[TWh/year],1.00E+13,1.00E+13,,,,,,,,,,,,,,,,,,,,,,,,,,,,,,
DNK_PORT0006,NH3,[TWh/year],1.00E+13,1.00E+13,,,,,,,,,,,,,,,,,,,,,,,,,,,,,,
DNK_PORT0007,NH3,[TWh/year],1.00E+13,1.00E+13,,,,,,,,,,,,,,,,,,,,,,,,,,,,,,
DNK_PORT0008,NH3,[TWh/year],1.00E+13,1.00E+13,,,,,,,,,,,,,,,,,,,,,,,,,,,,,,
ESP_PORT0001,NH3,[TWh/year],1.00E+13,1.00E+13,,,,,,,,,,,,,,,,,,,,,,,,,,,,,,
ESP_PORT0002,NH3,[TWh/year],1.00E+13,1.00E+13,,,,,,,,,,,,,,,,,,,,,,,,,,,,,,
ESP_PORT0003,NH3,[TWh/year],1.00E+13,1.00E+13,,,,,,,,,,,,,,,,,,,,,,,,,,,,,,
ESP_PORT0004,NH3,[TWh/year],1.00E+13,1.00E+13,,,,,,,,,,,,,,,,,,,,,,,,,,,,,,
ESP_PORT0005,NH3,[TWh/year],1.00E+13,1.00E+13,,,,,,,,,,,,,,,,,,,,,,,,,,,,,,
ESP_PORT0006,NH3,[TWh/year],1.00E+13,1.00E+13,,,,,,,,,,,,,,,,,,,,,,,,,,,,,,
ESP_PORT0007,NH3,[TWh/year],1.00E+13,1.00E+13,,,,,,,,,,,,,,,,,,,,,,,,,,,,,,
ESP_PORT0008,NH3,[TWh/year],1.00E+13,1.00E+13,,,,,,,,,,,,,,,,,,,,,,,,,,,,,,
ESP_PORT0009,NH3,[TWh/year],1.00E+13,1.00E+13,,,,,,,,,,,,,,,,,,,,,,,,,,,,,,
ESP_PORT0010,NH3,[TWh/year],1.00E+13,1.00E+13,,,,,,,,,,,,,,,,,,,,,,,,,,,,,,
ESP_PORT0011,NH3,[TWh/year],1.00E+13,1.00E+13,,,,,,,,,,,,,,,,,,,,,,,,,,,,,,
ESP_PORT0012,NH3,[TWh/year],1.00E+13,1.00E+13,,,,,,,,,,,,,,,,,,,,,,,,,,,,,,
ESP_PORT0013,NH3,[TWh/year],1.00E+13,1.00E+13,,,,,,,,,,,,,,,,,,,,,,,,,,,,,,
ESP_PORT0014,NH3,[TWh/year],1.00E+13,1.00E+13,,,,,,,,,,,,,,,,,,,,,,,,,,,,,,
ESP_PORT0015,NH3,[TWh/year],1.00E+13,1.00E+13,,,,,,,,,,,,,,,,,,,,,,,,,,,,,,
ESP_PORT0016,NH3,[TWh/year],1.00E+13,1.00E+13,,,,,,,,,,,,,,,,,,,,,,,,,,,,,,
ESP_PORT0017,NH3,[TWh/year],1.00E+13,1.00E+13,,,,,,,,,,,,,,,,,,,,,,,,,,,,,,
ESP_PORT0018,NH3,[TWh/year],1.00E+13,1.00E+13,,,,,,,,,,,,,,,,,,,,,,,,,,,,,,
ESP_PORT0019,NH3,[TWh/year],1.00E+13,1.00E+13,,,,,,,,,,,,,,,,,,,,,,,,,,,,,,
ESP_PORT0020,NH3,[TWh/year],1.00E+13,1.00E+13,,,,,,,,,,,,,,,,,,,,,,,,,,,,,,
ESP_PORT0021,NH3,[TWh/year],1.00E+13,1.00E+13,,,,,,,,,,,,,,,,,,,,,,,,,,,,,,
ESP_PORT0022,NH3,[TWh/year],1.00E+13,1.00E+13,,,,,,,,,,,,,,,,,,,,,,,,,,,,,,
ESP_PORT0023,NH3,[TWh/year],1.00E+13,1.00E+13,,,,,,,,,,,,,,,,,,,,,,,,,,,,,,
ESP_PORT0024,NH3,[TWh/year],1.00E+13,1.00E+13,,,,,,,,,,,,,,,,,,,,,,,,,,,,,,
ESP_PORT0025,NH3,[TWh/year],1.00E+13,1.00E+13,,,,,,,,,,,,,,,,,,,,,,,,,,,,,,
ESP_PORT0026,NH3,[TWh/year],1.00E+13,1.00E+13,,,,,,,,,,,,,,,,,,,,,,,,,,,,,,
EST_PORT0001,NH3,[TWh/year],1.00E+13,1.00E+13,,,,,,,,,,,,,,,,,,,,,,,,,,,,,,
EST_PORT0002,NH3,[TWh/year],1.00E+13,1.00E+13,,,,,,,,,,,,,,,,,,,,,,,,,,,,,,
EST_PORT0003,NH3,[TWh/year],1.00E+13,1.00E+13,,,,,,,,,,,,,,,,,,,,,,,,,,,,,,
EST_PORT0004,NH3,[TWh/year],1.00E+13,1.00E+13,,,,,,,,,,,,,,,,,,,,,,,,,,,,,,
FIN_PORT0001,NH3,[TWh/year],1.00E+13,1.00E+13,,,,,,,,,,,,,,,,,,,,,,,,,,,,,,
FIN_PORT0002,NH3,[TWh/year],1.00E+13,1.00E+13,,,,,,,,,,,,,,,,,,,,,,,,,,,,,,
FIN_PORT0003,NH3,[TWh/year],1.00E+13,1.00E+13,,,,,,,,,,,,,,,,,,,,,,,,,,,,,,
FIN_PORT0004,NH3,[TWh/year],1.00E+13,1.00E+13,,,,,,,,,,,,,,,,,,,,,,,,,,,,,,
FIN_PORT0005,NH3,[TWh/year],1.00E+13,1.00E+13,,,,,,,,,,,,,,,,,,,,,,,,,,,,,,
FIN_PORT0006,NH3,[TWh/year],1.00E+13,1.00E+13,,,,,,,,,,,,,,,,,,,,,,,,,,,,,,
FIN_PORT0007,NH3,[TWh/year],1.00E+13,1.00E+13,,,,,,,,,,,,,,,,,,,,,,,,,,,,,,
FIN_PORT0008,NH3,[TWh/year],1.00E+13,1.00E+13,,,,,,,,,,,,,,,,,,,,,,,,,,,,,,
FIN_PORT0009,NH3,[TWh/year],1.00E+13,1.00E+13,,,,,,,,,,,,,,,,,,,,,,,,,,,,,,
FIN_PORT0010,NH3,[TWh/year],1.00E+13,1.00E+13,,,,,,,,,,,,,,,,,,,,,,,,,,,,,,
FIN_PORT0011,NH3,[TWh/year],1.00E+13,1.00E+13,,,,,,,,,,,,,,,,,,,,,,,,,,,,,,
FIN_PORT0012,NH3,[TWh/year],1.00E+13,1.00E+13,,,,,,,,,,,,,,,,,,,,,,,,,,,,,,
FIN_PORT0013,NH3,[TWh/year],1.00E+13,1.00E+13,,,,,,,,,,,,,,,,,,,,,,,,,,,,,,
FIN_PORT0014,NH3,[TWh/year],1.00E+13,1.00E+13,,,,,,,,,,,,,,,,,,,,,,,,,,,,,,
FIN_PORT0015,NH3,[TWh/year],1.00E+13,1.00E+13,,,,,,,,,,,,,,,,,,,,,,,,,,,,,,
FIN_PORT0016,NH3,[TWh/year],1.00E+13,1.00E+13,,,,,,,,,,,,,,,,,,,,,,,,,,,,,,
FIN_PORT0017,NH3,[TWh/year],1.00E+13,1.00E+13,,,,,,,,,,,,,,,,,,,,,,,,,,,,,,
FIN_PORT0018,NH3,[TWh/year],1.00E+13,1.00E+13,,,,,,,,,,,,,,,,,,,,,,,,,,,,,,
FIN_PORT0019,NH3,[TWh/year],1.00E+13,1.00E+13,,,,,,,,,,,,,,,,,,,,,,,,,,,,,,
FIN_PORT0020,NH3,[TWh/year],1.00E+13,1.00E+13,,,,,,,,,,,,,,,,,,,,,,,,,,,,,,
FIN_PORT0021,NH3,[TWh/year],1.00E+13,1.00E+13,,,,,,,,,,,,,,,,,,,,,,,,,,,,,,
FIN_PORT0022,NH3,[TWh/year],1.00E+13,1.00E+13,,,,,,,,,,,,,,,,,,,,,,,,,,,,,,
FIN_PORT0023,NH3,[TWh/year],1.00E+13,1.00E+13,,,,,,,,,,,,,,,,,,,,,,,,,,,,,,
FRA_PORT0001,NH3,[TWh/year],1.00E+13,1.00E+13,,,,,,,,,,,,,,,,,,,,,,,,,,,,,,
FRA_PORT0002,NH3,[TWh/year],1.00E+13,1.00E+13,,,,,,,,,,,,,,,,,,,,,,,,,,,,,,
FRA_PORT0003,NH3,[TWh/year],1.00E+13,1.00E+13,,,,,,,,,,,,,,,,,,,,,,,,,,,,,,
FRA_PORT0004,NH3,[TWh/year],1.00E+13,1.00E+13,,,,,,,,,,,,,,,,,,,,,,,,,,,,,,
FRA_PORT0005,NH3,[TWh/year],1.00E+13,1.00E+13,,,,,,,,,,,,,,,,,,,,,,,,,,,,,,
FRA_PORT0006,NH3,[TWh/year],1.00E+13,1.00E+13,,,,,,,,,,,,,,,,,,,,,,,,,,,,,,
FRA_PORT0007,NH3,[TWh/year],1.00E+13,1.00E+13,,,,,,,,,,,,,,,,,,,,,,,,,,,,,,
FRA_PORT0008,NH3,[TWh/year],1.00E+13,1.00E+13,,,,,,,,,,,,,,,,,,,,,,,,,,,,,,
FRA_PORT0009,NH3,[TWh/year],1.00E+13,1.00E+13,,,,,,,,,,,,,,,,,,,,,,,,,,,,,,
FRA_PORT0010,NH3,[TWh/year],1.00E+13,1.00E+13,,,,,,,,,,,,,,,,,,,,,,,,,,,,,,
FRA_PORT0011,NH3,[TWh/year],1.00E+13,1.00E+13,,,,,,,,,,,,,,,,,,,,,,,,,,,,,,
FRA_PORT0012,NH3,[TWh/year],1.00E+13,1.00E+13,,,,,,,,,,,,,,,,,,,,,,,,,,,,,,
FRA_PORT0013,NH3,[TWh/year],1.00E+13,1.00E+13,,,,,,,,,,,,,,,,,,,,,,,,,,,,,,
FRA_PORT0014,NH3,[TWh/year],1.00E+13,1.00E+13,,,,,,,,,,,,,,,,,,,,,,,,,,,,,,
GBR_PORT0001,NH3,[TWh/year],1.00E+13,1.00E+13,,,,,,,,,,,,,,,,,,,,,,,,,,,,,,
GBR_PORT0002,NH3,[TWh/year],1.00E+13,1.00E+13,,,,,,,,,,,,,,,,,,,,,,,,,,,,,,
GBR_PORT0003,NH3,[TWh/year],1.00E+13,1.00E+13,,,,,,,,,,,,,,,,,,,,,,,,,,,,,,
GBR_PORT0004,NH3,[TWh/year],1.00E+13,1.00E+13,,,,,,,,,,,,,,,,,,,,,,,,,,,,,,
GBR_PORT0005,NH3,[TWh/year],1.00E+13,1.00E+13,,,,,,,,,,,,,,,,,,,,,,,,,,,,,,
GBR_PORT0006,NH3,[TWh/year],1.00E+13,1.00E+13,,,,,,,,,,,,,,,,,,,,,,,,,,,,,,
GBR_PORT0007,NH3,[TWh/year],1.00E+13,1.00E+13,,,,,,,,,,,,,,,,,,,,,,,,,,,,,,
GBR_PORT0008,NH3,[TWh/year],1.00E+13,1.00E+13,,,,,,,,,,,,,,,,,,,,,,,,,,,,,,
GBR_PORT0009,NH3,[TWh/year],1.00E+13,1.00E+13,,,,,,,,,,,,,,,,,,,,,,,,,,,,,,
GBR_PORT0010,NH3,[TWh/year],1.00E+13,1.00E+13,,,,,,,,,,,,,,,,,,,,,,,,,,,,,,
GBR_PORT0011,NH3,[TWh/year],1.00E+13,1.00E+13,,,,,,,,,,,,,,,,,,,,,,,,,,,,,,
GBR_PORT0012,NH3,[TWh/year],1.00E+13,1.00E+13,,,,,,,,,,,,,,,,,,,,,,,,,,,,,,
GBR_PORT0013,NH3,[TWh/year],1.00E+13,1.00E+13,,,,,,,,,,,,,,,,,,,,,,,,,,,,,,
GBR_PORT0014,NH3,[TWh/year],1.00E+13,1.00E+13,,,,,,,,,,,,,,,,,,,,,,,,,,,,,,
GBR_PORT0015,NH3,[TWh/year],1.00E+13,1.00E+13,,,,,,,,,,,,,,,,,,,,,,,,,,,,,,
GBR_PORT0016,NH3,[TWh/year],1.00E+13,1.00E+13,,,,,,,,,,,,,,,,,,,,,,,,,,,,,,
GBR_PORT0017,NH3,[TWh/year],1.00E+13,1.00E+13,,,,,,,,,,,,,,,,,,,,,,,,,,,,,,
GBR_PORT0018,NH3,[TWh/year],1.00E+13,1.00E+13,,,,,,,,,,,,,,,,,,,,,,,,,,,,,,
GBR_PORT0019,NH3,[TWh/year],1.00E+13,1.00E+13,,,,,,,,,,,,,,,,,,,,,,,,,,,,,,
GBR_PORT0020,NH3,[TWh/year],1.00E+13,1.00E+13,,,,,,,,,,,,,,,,,,,,,,,,,,,,,,
GBR_PORT0021,NH3,[TWh/year],1.00E+13,1.00E+13,,,,,,,,,,,,,,,,,,,,,,,,,,,,,,
GBR_PORT0022,NH3,[TWh/year],1.00E+13,1.00E+13,,,,,,,,,,,,,,,,,,,,,,,,,,,,,,
GRC_PORT0001,NH3,[TWh/year],1.00E+13,1.00E+13,,,,,,,,,,,,,,,,,,,,,,,,,,,,,,
GRC_PORT0002,NH3,[TWh/year],1.00E+13,1.00E+13,,,,,,,,,,,,,,,,,,,,,,,,,,,,,,
GRC_PORT0003,NH3,[TWh/year],1.00E+13,1.00E+13,,,,,,,,,,,,,,,,,,,,,,,,,,,,,,
GRC_PORT0004,NH3,[TWh/year],1.00E+13,1.00E+13,,,,,,,,,,,,,,,,,,,,,,,,,,,,,,
GRC_PORT0005,NH3,[TWh/year],1.00E+13,1.00E+13,,,,,,,,,,,,,,,,,,,,,,,,,,,,,,
HRV_PORT0001,NH3,[TWh/year],1.00E+13,1.00E+13,,,,,,,,,,,,,,,,,,,,,,,,,,,,,,
HRV_PORT0002,NH3,[TWh/year],1.00E+13,1.00E+13,,,,,,,,,,,,,,,,,,,,,,,,,,,,,,
HRV_PORT0003,NH3,[TWh/year],1.00E+13,1.00E+13,,,,,,,,,,,,,,,,,,,,,,,,,,,,,,
IRL_PORT0001,NH3,[TWh/year],1.00E+13,1.00E+13,,,,,,,,,,,,,,,,,,,,,,,,,,,,,,
IRL_PORT0002,NH3,[TWh/year],1.00E+13,1.00E+13,,,,,,,,,,,,,,,,,,,,,,,,,,,,,,
IRL_PORT0003,NH3,[TWh/year],1.00E+13,1.00E+13,,,,,,,,,,,,,,,,,,,,,,,,,,,,,,
ITA_PORT0001,NH3,[TWh/year],1.00E+13,1.00E+13,,,,,,,,,,,,,,,,,,,,,,,,,,,,,,
ITA_PORT0002,NH3,[TWh/year],1.00E+13,1.00E+13,,,,,,,,,,,,,,,,,,,,,,,,,,,,,,
ITA_PORT0003,NH3,[TWh/year],1.00E+13,1.00E+13,,,,,,,,,,,,,,,,,,,,,,,,,,,,,,
ITA_PORT0004,NH3,[TWh/year],1.00E+13,1.00E+13,,,,,,,,,,,,,,,,,,,,,,,,,,,,,,
ITA_PORT0005,NH3,[TWh/year],1.00E+13,1.00E+13,,,,,,,,,,,,,,,,,,,,,,,,,,,,,,
ITA_PORT0006,NH3,[TWh/year],1.00E+13,1.00E+13,,,,,,,,,,,,,,,,,,,,,,,,,,,,,,
ITA_PORT0007,NH3,[TWh/year],1.00E+13,1.00E+13,,,,,,,,,,,,,,,,,,,,,,,,,,,,,,
ITA_PORT0008,NH3,[TWh/year],1.00E+13,1.00E+13,,,,,,,,,,,,,,,,,,,,,,,,,,,,,,
ITA_PORT0009,NH3,[TWh/year],1.00E+13,1.00E+13,,,,,,,,,,,,,,,,,,,,,,,,,,,,,,
ITA_PORT0010,NH3,[TWh/year],1.00E+13,1.00E+13,,,,,,,,,,,,,,,,,,,,,,,,,,,,,,
ITA_PORT0011,NH3,[TWh/year],1.00E+13,1.00E+13,,,,,,,,,,,,,,,,,,,,,,,,,,,,,,
ITA_PORT0012,NH3,[TWh/year],1.00E+13,1.00E+13,,,,,,,,,,,,,,,,,,,,,,,,,,,,,,
ITA_PORT0013,NH3,[TWh/year],1.00E+13,1.00E+13,,,,,,,,,,,,,,,,,,,,,,,,,,,,,,
ITA_PORT0014,NH3,[TWh/year],1.00E+13,1.00E+13,,,,,,,,,,,,,,,,,,,,,,,,,,,,,,
ITA_PORT0015,NH3,[TWh/year],1.00E+13,1.00E+13,,,,,,,,,,,,,,,,,,,,,,,,,,,,,,
ITA_PORT0016,NH3,[TWh/year],1.00E+13,1.00E+13,,,,,,,,,,,,,,,,,,,,,,,,,,,,,,
ITA_PORT0017,NH3,[TWh/year],1.00E+13,1.00E+13,,,,,,,,,,,,,,,,,,,,,,,,,,,,,,
ITA_PORT0018,NH3,[TWh/year],1.00E+13,1.00E+13,,,,,,,,,,,,,,,,,,,,,,,,,,,,,,
ITA_PORT0019,NH3,[TWh/year],1.00E+13,1.00E+13,,,,,,,,,,,,,,,,,,,,,,,,,,,,,,
ITA_PORT0020,NH3,[TWh/year],1.00E+13,1.00E+13,,,,,,,,,,,,,,,,,,,,,,,,,,,,,,
ITA_PORT0021,NH3,[TWh/year],1.00E+13,1.00E+13,,,,,,,,,,,,,,,,,,,,,,,,,,,,,,
ITA_PORT0022,NH3,[TWh/year],1.00E+13,1.00E+13,,,,,,,,,,,,,,,,,,,,,,,,,,,,,,
LTU_PORT0001,NH3,[TWh/year],1.00E+13,1.00E+13,,,,,,,,,,,,,,,,,,,,,,,,,,,,,,
LVA_PORT0001,NH3,[TWh/year],1.00E+13,1.00E+13,,,,,,,,,,,,,,,,,,,,,,,,,,,,,,
MLT_PORT0001,NH3,[TWh/year],1.00E+13,1.00E+13,,,,,,,,,,,,,,,,,,,,,,,,,,,,,,
NLD_PORT0001,NH3,[TWh/year],1.00E+13,1.00E+13,,,,,,,,,,,,,,,,,,,,,,,,,,,,,,
NLD_PORT0002,NH3,[TWh/year],1.00E+13,1.00E+13,,,,,,,,,,,,,,,,,,,,,,,,,,,,,,
NLD_PORT0003,NH3,[TWh/year],1.00E+13,1.00E+13,,,,,,,,,,,,,,,,,,,,,,,,,,,,,,
NLD_PORT0004,NH3,[TWh/year],1.00E+13,1.00E+13,,,,,,,,,,,,,,,,,,,,,,,,,,,,,,
NLD_PORT0005,NH3,[TWh/year],1.00E+13,1.00E+13,,,,,,,,,,,,,,,,,,,,,,,,,,,,,,
NLD_PORT0006,NH3,[TWh/year],1.00E+13,1.00E+13,,,,,,,,,,,,,,,,,,,,,,,,,,,,,,
NLD_PORT0007,NH3,[TWh/year],1.00E+13,1.00E+13,,,,,,,,,,,,,,,,,,,,,,,,,,,,,,
NOR_PORT0001,NH3,[TWh/year],1.00E+13,1.00E+13,,,,,,,,,,,,,,,,,,,,,,,,,,,,,,
NOR_PORT0002,NH3,[TWh/year],1.00E+13,1.00E+13,,,,,,,,,,,,,,,,,,,,,,,,,,,,,,
NOR_PORT0003,NH3,[TWh/year],1.00E+13,1.00E+13,,,,,,,,,,,,,,,,,,,,,,,,,,,,,,
NOR_PORT0004,NH3,[TWh/year],1.00E+13,1.00E+13,,,,,,,,,,,,,,,,,,,,,,,,,,,,,,
NOR_PORT0005,NH3,[TWh/year],1.00E+13,1.00E+13,,,,,,,,,,,,,,,,,,,,,,,,,,,,,,
NOR_PORT0006,NH3,[TWh/year],1.00E+13,1.00E+13,,,,,,,,,,,,,,,,,,,,,,,,,,,,,,
NOR_PORT0007,NH3,[TWh/year],1.00E+13,1.00E+13,,,,,,,,,,,,,,,,,,,,,,,,,,,,,,
NOR_PORT0008,NH3,[TWh/year],1.00E+13,1.00E+13,,,,,,,,,,,,,,,,,,,,,,,,,,,,,,
NOR_PORT0009,NH3,[TWh/year],1.00E+13,1.00E+13,,,,,,,,,,,,,,,,,,,,,,,,,,,,,,
NOR_PORT0010,NH3,[TWh/year],1.00E+13,1.00E+13,,,,,,,,,,,,,,,,,,,,,,,,,,,,,,
NOR_PORT0011,NH3,[TWh/year],1.00E+13,1.00E+13,,,,,,,,,,,,,,,,,,,,,,,,,,,,,,
NOR_PORT0012,NH3,[TWh/year],1.00E+13,1.00E+13,,,,,,,,,,,,,,,,,,,,,,,,,,,,,,
NOR_PORT0013,NH3,[TWh/year],1.00E+13,1.00E+13,,,,,,,,,,,,,,,,,,,,,,,,,,,,,,
NOR_PORT0014,NH3,[TWh/year],1.00E+13,1.00E+13,,,,,,,,,,,,,,,,,,,,,,,,,,,,,,
NOR_PORT0015,NH3,[TWh/year],1.00E+13,1.00E+13,,,,,,,,,,,,,,,,,,,,,,,,,,,,,,
NOR_PORT0016,NH3,[TWh/year],1.00E+13,1.00E+13,,,,,,,,,,,,,,,,,,,,,,,,,,,,,,
NOR_PORT0017,NH3,[TWh/year],1.00E+13,1.00E+13,,,,,,,,,,,,,,,,,,,,,,,,,,,,,,
NOR_PORT0018,NH3,[TWh/year],1.00E+13,1.00E+13,,,,,,,,,,,,,,,,,,,,,,,,,,,,,,
NOR_PORT0019,NH3,[TWh/year],1.00E+13,1.00E+13,,,,,,,,,,,,,,,,,,,,,,,,,,,,,,
NOR_PORT0020,NH3,[TWh/year],1.00E+13,1.00E+13,,,,,,,,,,,,,,,,,,,,,,,,,,,,,,
NOR_PORT0021,NH3,[TWh/year],1.00E+13,1.00E+13,,,,,,,,,,,,,,,,,,,,,,,,,,,,,,
NOR_PORT0022,NH3,[TWh/year],1.00E+13,1.00E+13,,,,,,,,,,,,,,,,,,,,,,,,,,,,,,
NOR_PORT0023,NH3,[TWh/year],1.00E+13,1.00E+13,,,,,,,,,,,,,,,,,,,,,,,,,,,,,,
NOR_PORT0024,NH3,[TWh/year],1.00E+13,1.00E+13,,,,,,,,,,,,,,,,,,,,,,,,,,,,,,
NOR_PORT0025,NH3,[TWh/year],1.00E+13,1.00E+13,,,,,,,,,,,,,,,,,,,,,,,,,,,,,,
NOR_PORT0026,NH3,[TWh/year],1.00E+13,1.00E+13,,,,,,,,,,,,,,,,,,,,,,,,,,,,,,
NOR_PORT0027,NH3,[TWh/year],1.00E+13,1.00E+13,,,,,,,,,,,,,,,,,,,,,,,,,,,,,,
NOR_PORT0028,NH3,[TWh/year],1.00E+13,1.00E+13,,,,,,,,,,,,,,,,,,,,,,,,,,,,,,
NOR_PORT0029,NH3,[TWh/year],1.00E+13,1.00E+13,,,,,,,,,,,,,,,,,,,,,,,,,,,,,,
NOR_PORT0030,NH3,[TWh/year],1.00E+13,1.00E+13,,,,,,,,,,,,,,,,,,,,,,,,,,,,,,
NOR_PORT0031,NH3,[TWh/year],1.00E+13,1.00E+13,,,,,,,,,,,,,,,,,,,,,,,,,,,,,,
NOR_PORT0032,NH3,[TWh/year],1.00E+13,1.00E+13,,,,,,,,,,,,,,,,,,,,,,,,,,,,,,
NOR_PORT0033,NH3,[TWh/year],1.00E+13,1.00E+13,,,,,,,,,,,,,,,,,,,,,,,,,,,,,,
NOR_PORT0034,NH3,[TWh/year],1.00E+13,1.00E+13,,,,,,,,,,,,,,,,,,,,,,,,,,,,,,
NOR_PORT0035,NH3,[TWh/year],1.00E+13,1.00E+13,,,,,,,,,,,,,,,,,,,,,,,,,,,,,,
NOR_PORT0036,NH3,[TWh/year],1.00E+13,1.00E+13,,,,,,,,,,,,,,,,,,,,,,,,,,,,,,
NOR_PORT0037,NH3,[TWh/year],1.00E+13,1.00E+13,,,,,,,,,,,,,,,,,,,,,,,,,,,,,,
NOR_PORT0038,NH3,[TWh/year],1.00E+13,1.00E+13,,,,,,,,,,,,,,,,,,,,,,,,,,,,,,
NOR_PORT0039,NH3,[TWh/year],1.00E+13,1.00E+13,,,,,,,,,,,,,,,,,,,,,,,,,,,,,,
POL_PORT0001,NH3,[TWh/year],1.00E+13,1.00E+13,,,,,,,,,,,,,,,,,,,,,,,,,,,,,,
POL_PORT0002,NH3,[TWh/year],1.00E+13,1.00E+13,,,,,,,,,,,,,,,,,,,,,,,,,,,,,,
POL_PORT0003,NH3,[TWh/year],1.00E+13,1.00E+13,,,,,,,,,,,,,,,,,,,,,,,,,,,,,,
POL_PORT0004,NH3,[TWh/year],1.00E+13,1.00E+13,,,,,,,,,,,,,,,,,,,,,,,,,,,,,,
PRT_PORT0001,NH3,[TWh/year],1.00E+13,1.00E+13,,,,,,,,,,,,,,,,,,,,,,,,,,,,,,
PRT_PORT0002,NH3,[TWh/year],1.00E+13,1.00E+13,,,,,,,,,,,,,,,,,,,,,,,,,,,,,,
PRT_PORT0003,NH3,[TWh/year],1.00E+13,1.00E+13,,,,,,,,,,,,,,,,,,,,,,,,,,,,,,
PRT_PORT0004,NH3,[TWh/year],1.00E+13,1.00E+13,,,,,,,,,,,,,,,,,,,,,,,,,,,,,,
PRT_PORT0005,NH3,[TWh/year],1.00E+13,1.00E+13,,,,,,,,,,,,,,,,,,,,,,,,,,,,,,
PRT_PORT0006,NH3,[TWh/year],1.00E+13,1.00E+13,,,,,,,,,,,,,,,,,,,,,,,,,,,,,,
PRT_PORT0007,NH3,[TWh/year],1.00E+13,1.00E+13,,,,,,,,,,,,,,,,,,,,,,,,,,,,,,
PRT_PORT0008,NH3,[TWh/year],1.00E+13,1.00E+13,,,,,,,,,,,,,,,,,,,,,,,,,,,,,,
PRT_PORT0009,NH3,[TWh/year],1.00E+13,1.00E+13,,,,,,,,,,,,,,,,,,,,,,,,,,,,,,
PRT_PORT0010,NH3,[TWh/year],1.00E+13,1.00E+13,,,,,,,,,,,,,,,,,,,,,,,,,,,,,,
PRT_PORT0011,NH3,[TWh/year],1.00E+13,1.00E+13,,,,,,,,,,,,,,,,,,,,,,,,,,,,,,
PRT_PORT0012,NH3,[TWh/year],1.00E+13,1.00E+13,,,,,,,,,,,,,,,,,,,,,,,,,,,,,,
PRT_PORT0013,NH3,[TWh/year],1.00E+13,1.00E+13,,,,,,,,,,,,,,,,,,,,,,,,,,,,,,
PRT_PORT0014,NH3,[TWh/year],1.00E+13,1.00E+13,,,,,,,,,,,,,,,,,,,,,,,,,,,,,,
PRT_PORT0015,NH3,[TWh/year],1.00E+13,1.00E+13,,,,,,,,,,,,,,,,,,,,,,,,,,,,,,
ROU_PORT0001,NH3,[TWh/year],1.00E+13,1.00E+13,,,,,,,,,,,,,,,,,,,,,,,,,,,,,,
SVN_PORT0001,NH3,[TWh/year],1.00E+13,1.00E+13,,,,,,,,,,,,,,,,,,,,,,,,,,,,,,
SWE_PORT0001,NH3,[TWh/year],1.00E+13,1.00E+13,,,,,,,,,,,,,,,,,,,,,,,,,,,,,,
SWE_PORT0002,NH3,[TWh/year],1.00E+13,1.00E+13,,,,,,,,,,,,,,,,,,,,,,,,,,,,,,
SWE_PORT0003,NH3,[TWh/year],1.00E+13,1.00E+13,,,,,,,,,,,,,,,,,,,,,,,,,,,,,,
SWE_PORT0004,NH3,[TWh/year],1.00E+13,1.00E+13,,,,,,,,,,,,,,,,,,,,,,,,,,,,,,
SWE_PORT0005,NH3,[TWh/year],1.00E+13,1.00E+13,,,,,,,,,,,,,,,,,,,,,,,,,,,,,,
SWE_PORT0006,NH3,[TWh/year],1.00E+13,1.00E+13,,,,,,,,,,,,,,,,,,,,,,,,,,,,,,
SWE_PORT0007,NH3,[TWh/year],1.00E+13,1.00E+13,,,,,,,,,,,,,,,,,,,,,,,,,,,,,,
SWE_PORT0008,NH3,[TWh/year],1.00E+13,1.00E+13,,,,,,,,,,,,,,,,,,,,,,,,,,,,,,
SWE_PORT0009,NH3,[TWh/year],1.00E+13,1.00E+13,,,,,,,,,,,,,,,,,,,,,,,,,,,,,,
SWE_PORT0010,NH3,[TWh/year],1.00E+13,1.00E+13,,,,,,,,,,,,,,,,,,,,,,,,,,,,,,
SWE_PORT0011,NH3,[TWh/year],1.00E+13,1.00E+13,,,,,,,,,,,,,,,,,,,,,,,,,,,,,,
SWE_PORT0012,NH3,[TWh/year],1.00E+13,1.00E+13,,,,,,,,,,,,,,,,,,,,,,,,,,,,,,
SWE_PORT0013,NH3,[TWh/year],1.00E+13,1.00E+13,,,,,,,,,,,,,,,,,,,,,,,,,,,,,,
SWE_PORT0014,NH3,[TWh/year],1.00E+13,1.00E+13,,,,,,,,,,,,,,,,,,,,,,,,,,,,,,
SWE_PORT0015,NH3,[TWh/year],1.00E+13,1.00E+13,,,,,,,,,,,,,,,,,,,,,,,,,,,,,,
SWE_PORT0016,NH3,[TWh/year],1.00E+13,1.00E+13,,,,,,,,,,,,,,,,,,,,,,,,,,,,,,
BEL_LH2R0001,LH2,[TWh/year],95.3515528,0,,,,,,,,,,,,,,,,,,,,,,,,,,,,,,
CYP_LH2R0001,LH2,[TWh/year],8.668322982,0,,,,,,,,,,,,,,,,,,,,,,,,,,,,,,
ESP_LH2R0001,LH2,[TWh/year],180.5900621,0,,,,,,,,,,180.5900621,,,,,,,,,,,,,,,,,,,,
ESP_LH2R0002,LH2,[TWh/year],124.2459627,0,,,,,,,,,,124.2459627,,,,,,,,,,,,,,,,,,,,
ESP_LH2R0003,LH2,[TWh/year],124.2459627,0,,,,,,,,,,124.2459627,,,,,,,,,,,,,,,,,,,,
ESP_LH2R0004,LH2,[TWh/year],73.68074534,0,,,,,,,,,,,,,,,,,,,,,,,,,,,,,,73.68074534
ESP_LH2R0005,LH2,[TWh/year],92.4621118,0,,,,,,,,,,,,,,,,,,,,,,,,,,,,,,
ESP_LH2R0006,LH2,[TWh/year],37.56273292,0,,,,,,,,,,,,,,,,,,,,,,,,,,,,,,
FRA_LH2R0001,LH2,[TWh/year],31.78385093,0,,,,,,,,,,31.78385093,,,,,,,,,,,,,,,,,,,,
FRA_LH2R0002,LH2,[TWh/year],105.4645963,0,,,,,,,,,,105.4645963,,,,,,,,,,,,,,,,,,,,
FRA_LH2R0003,LH2,[TWh/year],86.68322982,0,,,,,,,,,,,,,,,,,,,,,,,,,,,,,,86.68322982
FRA_LH2R0004,LH2,[TWh/year],137.2484472,0,,,,,,,,,,,,,,,,,,,,,,,,,,,,,,
GBR_LH2R0001,LH2,[TWh/year],216.7080745,0,,,,,,,,,,,,,,,,,,,,216.7080745,,,,,,,,,,
GBR_LH2R0002,LH2,[TWh/year],225.3763975,0,,,,,,,,,,,,,,,,,,,,,,,,,,,,,,
GBR_LH2R0003,LH2,[TWh/year],108.3540373,0,,,,,,,,,,,,,,,,,,,,,,,,,,,,,,
GRC_LH2R0001,LH2,[TWh/year],66.45714286,0,,,,,,,,,,,,,,,,,,,,,,,,,,,,,,
HRV_LH2R0001,LH2,[TWh/year],27.44968944,0,,,,,,,,,,,,,,,,,,,,,,,,,,,,,,
ITA_LH2R0001,LH2,[TWh/year],36.11801242,0,,,,,,,,,,,,,,,,,,,,36.11801242,,,,,,,,,,
ITA_LH2R0002,LH2,[TWh/year],83.79378882,0,,,,,,,,,,,,,,,,,,,,,,,,,,,,,,
ITA_LH2R0003,LH2,[TWh/year],39.00745342,0,,,,,,,,,,,,,,,,,,,,,,,,,,,,,,
LTU_LH2R0001,LH2,[TWh/year],43.34161491,0,,,,,,,,,,,,,,,,,,,,,,,,,,,,,,
NLD_LH2R0001,LH2,[TWh/year],130.0248447,0,,,,,,,,,,,,,,,,,,,,,,,,,,,,,,
POL_LH2R0001,LH2,[TWh/year],52.00993789,0,,,,,,,,,,,,,,,,,,,,,,,,,,,,,,
PRT_LH2R0001,LH2,[TWh/year],83.79378882,0,,,,,,,,,,,,,,,,,,,,,,,,,,,,,,
BEL_LH2R0001,NH3,[TWh/year],1.00E+13,1.00E+13,,,,,,,,,,,,,,,,,,,,,,,,,,,,,,
CYP_LH2R0001,NH3,[TWh/year],1.00E+13,1.00E+13,,,,,,,,,,,,,,,,,,,,,,,,,,,,,,
ESP_LH2R0001,NH3,[TWh/year],1.00E+13,1.00E+13,,,,,,,,,,,,,,,,,,,,,,,,,,,,,,
ESP_LH2R0002,NH3,[TWh/year],1.00E+13,1.00E+13,,,,,,,,,,,,,,,,,,,,,,,,,,,,,,
ESP_LH2R0003,NH3,[TWh/year],1.00E+13,1.00E+13,,,,,,,,,,,,,,,,,,,,,,,,,,,,,,
ESP_LH2R0004,NH3,[TWh/year],1.00E+13,1.00E+13,,,,,,,,,,,,,,,,,,,,,,,,,,,,,,
ESP_LH2R0005,NH3,[TWh/year],1.00E+13,1.00E+13,,,,,,,,,,,,,,,,,,,,,,,,,,,,,,
ESP_LH2R0006,NH3,[TWh/year],1.00E+13,1.00E+13,,,,,,,,,,,,,,,,,,,,,,,,,,,,,,
FRA_LH2R0001,NH3,[TWh/year],1.00E+13,1.00E+13,,,,,,,,,,,,,,,,,,,,,,,,,,,,,,
FRA_LH2R0002,NH3,[TWh/year],1.00E+13,1.00E+13,,,,,,,,,,,,,,,,,,,,,,,,,,,,,,
FRA_LH2R0003,NH3,[TWh/year],1.00E+13,1.00E+13,,,,,,,,,,,,,,,,,,,,,,,,,,,,,,
FRA_LH2R0004,NH3,[TWh/year],1.00E+13,1.00E+13,,,,,,,,,,,,,,,,,,,,,,,,,,,,,,
GBR_LH2R0001,NH3,[TWh/year],1.00E+13,1.00E+13,,,,,,,,,,,,,,,,,,,,,,,,,,,,,,
GBR_LH2R0002,NH3,[TWh/year],1.00E+13,1.00E+13,,,,,,,,,,,,,,,,,,,,,,,,,,,,,,
GBR_LH2R0003,NH3,[TWh/year],1.00E+13,1.00E+13,,,,,,,,,,,,,,,,,,,,,,,,,,,,,,
GRC_LH2R0001,NH3,[TWh/year],1.00E+13,1.00E+13,,,,,,,,,,,,,,,,,,,,,,,,,,,,,,
HRV_LH2R0001,NH3,[TWh/year],1.00E+13,1.00E+13,,,,,,,,,,,,,,,,,,,,,,,,,,,,,,
ITA_LH2R0001,NH3,[TWh/year],1.00E+13,1.00E+13,,,,,,,,,,,,,,,,,,,,,,,,,,,,,,
ITA_LH2R0002,NH3,[TWh/year],1.00E+13,1.00E+13,,,,,,,,,,,,,,,,,,,,,,,,,,,,,,
ITA_LH2R0003,NH3,[TWh/year],1.00E+13,1.00E+13,,,,,,,,,,,,,,,,,,,,,,,,,,,,,,
LTU_LH2R0001,NH3,[TWh/year],1.00E+13,1.00E+13,,,,,,,,,,,,,,,,,,,,,,,,,,,,,,
NLD_LH2R0001,NH3,[TWh/year],1.00E+13,1.00E+13,,,,,,,,,,,,,,,,,,,,,,,,,,,,,,
POL_LH2R0001,NH3,[TWh/year],1.00E+13,1.00E+13,,,,,,,,,,,,,,,,,,,,,,,,,,,,,,
PRT_LH2R0001,NH3,[TWh/year],1.00E+13,1.00E+13,,,,,,,,,,,,,,,,,,,,,,,,,,,,,,
