Year,Country_demand,Country_import,Country_export,Zone_demand,Node_import,Zone_import,Zone_export,Node_export,Node_production,Source,Source_vres,Energy_type,Technology,Transport_national,Transport_international,Transport_eu,Transport_national_mode,Transport_international_mode,Transport_eu_mode
2050,AUT,AUT,DZA,AUT_DEM01,BEL_PIPE0001,BEL_IMPP1,MAR_EXPP1,BLR_PIPE0001,ARE_GXXXXX,Natural_gas,Hybrid,Onshore,Alkaline,NH3,Pip,Pip,Road,Pip,Pip
,BEL,BEL,EGY,BEL_DEM01,DEU_PIPE0001,DEU_IMPP1,DZA_EXPP1,BLR_PIPE0002,ARG_GXXXXX,Hybrid,,PV,PEM,CH2,LH2,,Pip,Sea,
,BGR,BGR,LBY,BGR_DEM01,DEU_PIPE0002,DEU_IMPP2,LBY_EXPP1,BLR_PIPE0003,AUS_GXXXXX,,,Natural_gas,Gasification_biomass,Pip,NH3,,,,
,HRV,HRV,NGA,HRV_DEM01,DEU_PIPE0003,DEU_IMPP3,TUR_EXPP3,DZA_PIPE0001,BGD_GXXXXX,,,,SMR_CCS,,,,,,
,CYP,CYP,NLD,CYP_DEM01,DEU_PIPE0004,DEU_IMPP4,RUS_EXPP3,DZA_PIPE0002,BHR_GXXXXX,,,,,,,,,,
,CZE,CZE,PER,CZE_DEM01,DEU_PIPE0005,DEU_IMPP5,RUS_EXPP2,LBY_PIPE0001,BRA_GXXXXX,,,,,,,,,,
,DNK,DNK,QAT,DNK_DEM01,ESP_PIPE0001,ESP_IMPP1,NOR_EXPP1,MAR_PIPE0001,CAN_GXXXXX,,,,,,,,,,
,EST,EST,RUS,EST_DEM01,ESP_PIPE0002,ESP_IMPP2,NOR_EXPP3,NOR_PIPE0001,CHN_GXXXXX,,,,,,,,,,
,FIN,FIN,TTO,FIN_DEM01,EST_PIPE0001,EST_IMPP1,TUN_EXPP1,NOR_PIPE0002,COL_GXXXXX,,,,,,,,,,
,FRA,FRA,USA,FRA_DEM01,EST_PIPE0002,EST_IMPP2,NOR_EXPP2,NOR_PIPE0003,DEU_GXXXXX,,,,,,,,,,
,DEU,DEU,,DEU_DEM01,FIN_PIPE0001,FIN_IMPP1,DZA_EXPP2,NOR_PIPE0004,DNK_GXXXXX,,,,,,,,,,
,GRC,GRC,,GRC_DEM01,FRA_PIPE0001,FRA_IMPP1,TUR_EXPP2,RUS_PIPE0001,DZA_GXXXXX,,,,,,,,,,
,HUN,HUN,,HUN_DEM01,GBR_PIPE0001,GBR_IMPP1,UKR_EXPP1,RUS_PIPE0002,EGY_GXXXXX,,,,,,,,,,
,IRL,IRL,,IRL_DEM01,GBR_PIPE0002,GBR_IMPP2,UKR_EXPP4,RUS_PIPE0003,GBR_GXXXXX,,,,,,,,,,
,ITA,ITA,,ITA_DEM01,GRC_PIPE0001,GRC_IMPP1,UKR_EXPP2,RUS_PIPE0004,IDN_GXXXXX,,,,,,,,,,
,LVA,LVA,,LVA_DEM01,HUN_PIPE0001,HUN_IMPP1,UKR_EXPP3,TUN_PIPE0001,IND_GXXXXX,,,,,,,,,,
,LTU,LTU,,LTU_DEM01,ITA_PIPE0001,ITA_IMPP1,UKR_EXPP5,TUR_PIPE0001,IRN_GXXXXX,,,,,,,,,,
,LUX,LUX,,LUX_DEM01,ITA_PIPE0002,ITA_IMPP2,BLR_EXPP1,TUR_PIPE0002,IRQ_GXXXXX,,,,,,,,,,
,MLT,MLT,,MLT_DEM01,LTU_PIPE0001,LTU_IMPP1,BLR_EXPP2,UKR_PIPE0001,ITA_GXXXXX,,,,,,,,,,
,NLD,NLD,,NLD_DEM01,POL_PIPE0001,POL_IMPP1,BLR_EXPP3,UKR_PIPE0002,KWT_GXXXXX,,,,,,,,,,
,POL,POL,,POL_DEM01,POL_PIPE0002,POL_IMPP2,RUS_EXPP1,UKR_PIPE0003,LBY_GXXXXX,,,,,,,,,,
,PRT,PRT,,PRT_DEM01,POL_PIPE0003,POL_IMPP3,RUS_EXPP4,UKR_PIPE0004,MEX_GXXXXX,,,,,,,,,,
,ROU,ROU,,ROU_DEM01,ROU_PIPE0001,ROU_IMPP1,YEM_EXP01,UKR_PIPE0005,MMR_GXXXXX,,,,,,,,,,
,SVK,SVK,,SVK_DEM01,ROU_PIPE0002,ROU_IMPP2,WLF_EXP01,YEM_PORT0001,MYS_GXXXXX,,,,,,,,,,
,SVN,SVN,,SVN_DEM01,SVK_PIPE0001,SVK_IMPP1,VGB_EXP01,YEM_PORT0002,NGA_GXXXXX,,,,,,,,,,
,ESP,ESP,,ESP_DEM01,BGR_PORT0001,BGR_IMP01,VNM_EXP01,WLF_PORT0001,NLD_GXXXXX,,,,,,,,,,
,SWE,SWE,,SWE_DEM01,DNK_PORT0001,DNK_IMP01,VEN_EXP01,VGB_PORT0001,NOR_GXXXXX,,,,,,,,,,
,GBR,GBR,,GBR_DEM01,EST_PORT0001,EST_IMP01,VUT_EXP01,VGB_PORT0002,OMN_GXXXXX,,,,,,,,,,
,NOR,NOR,,NOR_DEM01,FIN_PORT0001,FIN_IMP01,URY_EXP01,VNM_PORT0001,PAK_GXXXXX,,,,,,,,,,
,CHE,CHE,,CHE_DEM01,DEU_PORT0001,DEU_IMP01,USA_EXP01,VNM_PORT0002,PER_GXXXXX,,,,,,,,,,
,,,,,IRL_PORT0001,IRL_IMP01,ARE_EXP01,VNM_PORT0003,POL_GXXXXX,,,,,,,,,,
,,,,,LVA_PORT0001,LVA_IMP01,UKR_EXP01,VNM_PORT0004,QAT_GXXXXX,,,,,,,,,,
,,,,,MLT_PORT0001,MLT_IMP01,TUR_EXP01,VNM_PORT0005,ROU_GXXXXX,,,,,,,,,,
,,,,,ROU_PORT0001,ROU_IMP01,TUN_EXP01,VNM_PORT0006,RUS_GXXXXX,,,,,,,,,,
,,,,,SVN_PORT0001,SVN_IMP01,TTO_EXP01,VNM_PORT0007,SAU_GXXXXX,,,,,,,,,,
,,,,,SWE_PORT0001,SWE_IMP01,TON_EXP01,VEN_PORT0001,SYR_GXXXXX,,,,,,,,,,
,,,,,NOR_PORT0001,NOR_IMP01,TGO_EXP01,VUT_PORT0001,THA_GXXXXX,,,,,,,,,,
,,,,,BEL_LH2R0001,BEL_IMP01,TLS_EXP01,VUT_PORT0002,TTO_GXXXXX,,,,,,,,,,
,,,,,CYP_LH2R0001,CYP_IMP01,THA_EXP01,URY_PORT0001,UKR_GXXXXX,,,,,,,,,,
,,,,,ESP_LH2R0001,ESP_IMP01,TZA_EXP01,URY_PORT0002,USA_GXXXXX,,,,,,,,,,
,,,,,ESP_LH2R0002,FRA_IMP01,TWN_EXP01,USA_PORT0001,VEN_GXXXXX,,,,,,,,,,
,,,,,ESP_LH2R0003,GBR_IMP01,SYR_EXP01,USA_PORT0002,VNM_GXXXXX,,,,,,,,,,
,,,,,ESP_LH2R0004,GRC_IMP01,SUR_EXP01,USA_PORT0003,YEM_GXXXXX,,,,,,,,,,
,,,,,ESP_LH2R0005,HRV_IMP01,SDN_EXP01,USA_PORT0004,,,,,,,,,,,
,,,,,ESP_LH2R0006,ITA_IMP01,LKA_EXP01,USA_PORT0005,,,,,,,,,,,
,,,,,FRA_LH2R0001,LTU_IMP01,ZAF_EXP01,USA_PORT0006,,,,,,,,,,,
,,,,,FRA_LH2R0002,NLD_IMP01,SOM_EXP01,USA_PORT0007,,,,,,,,,,,
,,,,,FRA_LH2R0003,POL_IMP01,SGP_EXP01,USA_PORT0008,,,,,,,,,,,
,,,,,FRA_LH2R0004,PRT_IMP01,SLE_EXP01,USA_PORT0009,,,,,,,,,,,
,,,,,GBR_LH2R0001,,SYC_EXP01,USA_PORT0010,,,,,,,,,,,
,,,,,GBR_LH2R0002,,SEN_EXP01,USA_PORT0011,,,,,,,,,,,
,,,,,GBR_LH2R0003,,SAU_EXP01,USA_PORT0012,,,,,,,,,,,
,,,,,GRC_LH2R0001,,WSM_EXP01,USA_PORT0013,,,,,,,,,,,
,,,,,HRV_LH2R0001,,VCT_EXP01,USA_PORT0014,,,,,,,,,,,
,,,,,ITA_LH2R0001,,LCA_EXP01,USA_PORT0015,,,,,,,,,,,
,,,,,ITA_LH2R0002,,KNA_EXP01,USA_PORT0016,,,,,,,,,,,
,,,,,ITA_LH2R0003,,RUS_EXP01,USA_PORT0017,,,,,,,,,,,
,,,,,LTU_LH2R0001,,QAT_EXP01,USA_PORT0018,,,,,,,,,,,
,,,,,NLD_LH2R0001,,PRI_EXP01,USA_PORT0019,,,,,,,,,,,
,,,,,POL_LH2R0001,,PHL_EXP01,USA_PORT0020,,,,,,,,,,,
,,,,,PRT_LH2R0001,,PER_EXP01,USA_PORT0021,,,,,,,,,,,
,,,,,,,PRY_EXP01,USA_PORT0022,,,,,,,,,,,
,,,,,,,PNG_EXP01,USA_PORT0023,,,,,,,,,,,
,,,,,,,PAN_EXP01,USA_PORT0024,,,,,,,,,,,
,,,,,,,PLW_EXP01,USA_PORT0025,,,,,,,,,,,
,,,,,,,PAK_EXP01,USA_PORT0026,,,,,,,,,,,
,,,,,,,OMN_EXP01,USA_PORT0027,,,,,,,,,,,
,,,,,,,NGA_EXP01,USA_PORT0028,,,,,,,,,,,
,,,,,,,NIC_EXP01,USA_PORT0029,,,,,,,,,,,
,,,,,,,NZL_EXP01,USA_PORT0030,,,,,,,,,,,
,,,,,,,NCL_EXP01,USA_PORT0031,,,,,,,,,,,
,,,,,,,NRU_EXP01,USA_PORT0032,,,,,,,,,,,
,,,,,,,NAM_EXP01,USA_PORT0033,,,,,,,,,,,
,,,,,,,MMR_EXP01,USA_PORT0034,,,,,,,,,,,
,,,,,,,MOZ_EXP01,USA_PORT0035,,,,,,,,,,,
,,,,,,,MAR_EXP01,USA_PORT0036,,,,,,,,,,,
,,,,,,,MSR_EXP01,USA_PORT0037,,,,,,,,,,,
,,,,,,,MNE_EXP01,USA_PORT0038,,,,,,,,,,,
,,,,,,,MDA_EXP01,USA_PORT0039,,,,,,,,,,,
,,,,,,,MEX_EXP01,USA_PORT0040,,,,,,,,,,,
,,,,,,,MYT_EXP01,USA_PORT0041,,,,,,,,,,,
,,,,,,,MUS_EXP01,USA_PORT0042,,,,,,,,,,,
,,,,,,,MRT_EXP01,USA_PORT0043,,,,,,,,,,,
,,,,,,,MTQ_EXP01,USA_PORT0044,,,,,,,,,,,
,,,,,,,MHL_EXP01,USA_PORT0045,,,,,,,,,,,
,,,,,,,MDV_EXP01,USA_PORT0046,,,,,,,,,,,
,,,,,,,MYS_EXP01,USA_PORT0047,,,,,,,,,,,
,,,,,,,MDG_EXP01,USA_PORT0048,,,,,,,,,,,
,,,,,,,LBY_EXP01,ARE_PORT0001,,,,,,,,,,,
,,,,,,,LBR_EXP01,ARE_PORT0002,,,,,,,,,,,
,,,,,,,LBN_EXP01,ARE_PORT0003,,,,,,,,,,,
,,,,,,,KWT_EXP01,ARE_PORT0004,,,,,,,,,,,
,,,,,,,KOR_EXP01,ARE_PORT0005,,,,,,,,,,,
,,,,,,,KIR_EXP01,ARE_PORT0006,,,,,,,,,,,
,,,,,,,KEN_EXP01,ARE_PORT0007,,,,,,,,,,,
,,,,,,,JOR_EXP01,ARE_PORT0008,,,,,,,,,,,
,,,,,,,JPN_EXP01,UKR_PORT0001,,,,,,,,,,,
,,,,,,,JAM_EXP01,UKR_PORT0002,,,,,,,,,,,
,,,,,,,ISR_EXP01,UKR_PORT0003,,,,,,,,,,,
,,,,,,,IRQ_EXP01,TUR_PORT0001,,,,,,,,,,,
,,,,,,,IRN_EXP01,TUR_PORT0002,,,,,,,,,,,
,,,,,,,IDN_EXP01,TUR_PORT0003,,,,,,,,,,,
,,,,,,,IND_EXP01,TUR_PORT0004,,,,,,,,,,,
,,,,,,,ISL_EXP01,TUR_PORT0005,,,,,,,,,,,
,,,,,,,HKG_EXP01,TUR_PORT0006,,,,,,,,,,,
,,,,,,,HND_EXP01,TUR_PORT0007,,,,,,,,,,,
,,,,,,,HTI_EXP01,TUR_PORT0008,,,,,,,,,,,
,,,,,,,GUY_EXP01,TUR_PORT0009,,,,,,,,,,,
,,,,,,,GNB_EXP01,TUR_PORT0010,,,,,,,,,,,
,,,,,,,GIN_EXP01,TUR_PORT0011,,,,,,,,,,,
,,,,,,,GTM_EXP01,TUR_PORT0012,,,,,,,,,,,
,,,,,,,GUM_EXP01,TUR_PORT0013,,,,,,,,,,,
,,,,,,,GLP_EXP01,TUR_PORT0014,,,,,,,,,,,
,,,,,,,GRD_EXP01,TUR_PORT0015,,,,,,,,,,,
,,,,,,,GRL_EXP01,TUR_PORT0016,,,,,,,,,,,
,,,,,,,GIB_EXP01,TUR_PORT0017,,,,,,,,,,,
,,,,,,,GHA_EXP01,TUR_PORT0018,,,,,,,,,,,
,,,,,,,GEO_EXP01,TUR_PORT0019,,,,,,,,,,,
,,,,,,,GMB_EXP01,TUR_PORT0020,,,,,,,,,,,
,,,,,,,GAB_EXP01,TUR_PORT0021,,,,,,,,,,,
,,,,,,,PYF_EXP01,TUR_PORT0022,,,,,,,,,,,
,,,,,,,GUF_EXP01,TUN_PORT0001,,,,,,,,,,,
,,,,,,,FJI_EXP01,TUN_PORT0002,,,,,,,,,,,
,,,,,,,FRO_EXP01,TUN_PORT0003,,,,,,,,,,,
,,,,,,,ERI_EXP01,TUN_PORT0004,,,,,,,,,,,
,,,,,,,GNQ_EXP01,TTO_PORT0001,,,,,,,,,,,
,,,,,,,SLV_EXP01,TTO_PORT0002,,,,,,,,,,,
,,,,,,,EGY_EXP01,TON_PORT0001,,,,,,,,,,,
,,,,,,,ECU_EXP01,TGO_PORT0001,,,,,,,,,,,
,,,,,,,DOM_EXP01,TLS_PORT0001,,,,,,,,,,,
,,,,,,,DMA_EXP01,THA_PORT0001,,,,,,,,,,,
,,,,,,,DJI_EXP01,THA_PORT0002,,,,,,,,,,,
,,,,,,,CIV_EXP01,THA_PORT0003,,,,,,,,,,,
,,,,,,,CUW_EXP01,THA_PORT0004,,,,,,,,,,,
,,,,,,,CUB_EXP01,THA_PORT0005,,,,,,,,,,,
,,,,,,,CRI_EXP01,TZA_PORT0001,,,,,,,,,,,
,,,,,,,COK_EXP01,TWN_PORT0001,,,,,,,,,,,
,,,,,,,COD_EXP01,SYR_PORT0001,,,,,,,,,,,
,,,,,,,COG_EXP01,SYR_PORT0002,,,,,,,,,,,
,,,,,,,COM_EXP01,SUR_PORT0001,,,,,,,,,,,
,,,,,,,COL_EXP01,SUR_PORT0002,,,,,,,,,,,
,,,,,,,CXR_EXP01,SDN_PORT0001,,,,,,,,,,,
,,,,,,,CHN_EXP01,LKA_PORT0001,,,,,,,,,,,
,,,,,,,CHL_EXP01,ZAF_PORT0001,,,,,,,,,,,
,,,,,,,CYM_EXP01,ZAF_PORT0002,,,,,,,,,,,
,,,,,,,CAN_EXP01,ZAF_PORT0003,,,,,,,,,,,
,,,,,,,CMR_EXP01,ZAF_PORT0004,,,,,,,,,,,
,,,,,,,KHM_EXP01,ZAF_PORT0005,,,,,,,,,,,
,,,,,,,CPV_EXP01,ZAF_PORT0006,,,,,,,,,,,
,,,,,,,BRA_EXP01,SOM_PORT0001,,,,,,,,,,,
,,,,,,,BES_EXP01,SOM_PORT0002,,,,,,,,,,,
,,,,,,,BMU_EXP01,SOM_PORT0003,,,,,,,,,,,
,,,,,,,BEN_EXP01,SGP_PORT0001,,,,,,,,,,,
,,,,,,,BLZ_EXP01,SLE_PORT0001,,,,,,,,,,,
,,,,,,,BRB_EXP01,SYC_PORT0001,,,,,,,,,,,
,,,,,,,BGD_EXP01,SEN_PORT0001,,,,,,,,,,,
,,,,,,,BHR_EXP01,SAU_PORT0001,,,,,,,,,,,
,,,,,,,BHS_EXP01,SAU_PORT0002,,,,,,,,,,,
,,,,,,,AUS_EXP01,SAU_PORT0003,,,,,,,,,,,
,,,,,,,ABW_EXP01,SAU_PORT0004,,,,,,,,,,,
,,,,,,,ARG_EXP01,SAU_PORT0005,,,,,,,,,,,
,,,,,,,ATG_EXP01,WSM_PORT0001,,,,,,,,,,,
,,,,,,,AIA_EXP01,VCT_PORT0001,,,,,,,,,,,
,,,,,,,AGO_EXP01,LCA_PORT0001,,,,,,,,,,,
,,,,,,,ASM_EXP01,KNA_PORT0001,,,,,,,,,,,
,,,,,,,DZA_EXP01,RUS_PORT0001,,,,,,,,,,,
,,,,,,,ALB_EXP01,RUS_PORT0002,,,,,,,,,,,
,,,,,,,NOR_EXP01,RUS_PORT0003,,,,,,,,,,,
,,,,,,,,RUS_PORT0004,,,,,,,,,,,
,,,,,,,,RUS_PORT0005,,,,,,,,,,,
,,,,,,,,RUS_PORT0006,,,,,,,,,,,
,,,,,,,,RUS_PORT0007,,,,,,,,,,,
,,,,,,,,RUS_PORT0008,,,,,,,,,,,
,,,,,,,,RUS_PORT0009,,,,,,,,,,,
,,,,,,,,RUS_PORT0010,,,,,,,,,,,
,,,,,,,,RUS_PORT0011,,,,,,,,,,,
,,,,,,,,RUS_PORT0012,,,,,,,,,,,
,,,,,,,,RUS_PORT0013,,,,,,,,,,,
,,,,,,,,QAT_PORT0001,,,,,,,,,,,
,,,,,,,,QAT_PORT0002,,,,,,,,,,,
,,,,,,,,PRI_PORT0001,,,,,,,,,,,
,,,,,,,,PHL_PORT0001,,,,,,,,,,,
,,,,,,,,PHL_PORT0002,,,,,,,,,,,
,,,,,,,,PHL_PORT0003,,,,,,,,,,,
,,,,,,,,PHL_PORT0004,,,,,,,,,,,
,,,,,,,,PHL_PORT0005,,,,,,,,,,,
,,,,,,,,PHL_PORT0006,,,,,,,,,,,
,,,,,,,,PHL_PORT0007,,,,,,,,,,,
,,,,,,,,PHL_PORT0008,,,,,,,,,,,
,,,,,,,,PHL_PORT0009,,,,,,,,,,,
,,,,,,,,PHL_PORT0010,,,,,,,,,,,
,,,,,,,,PHL_PORT0011,,,,,,,,,,,
,,,,,,,,PHL_PORT0012,,,,,,,,,,,
,,,,,,,,PHL_PORT0013,,,,,,,,,,,
,,,,,,,,PHL_PORT0014,,,,,,,,,,,
,,,,,,,,PHL_PORT0015,,,,,,,,,,,
,,,,,,,,PER_PORT0001,,,,,,,,,,,
,,,,,,,,PER_PORT0002,,,,,,,,,,,
,,,,,,,,PER_PORT0003,,,,,,,,,,,
,,,,,,,,PER_PORT0004,,,,,,,,,,,
,,,,,,,,PER_PORT0005,,,,,,,,,,,
,,,,,,,,PER_PORT0006,,,,,,,,,,,
,,,,,,,,PRY_PORT0001,,,,,,,,,,,
,,,,,,,,PNG_PORT0001,,,,,,,,,,,
,,,,,,,,PNG_PORT0002,,,,,,,,,,,
,,,,,,,,PNG_PORT0003,,,,,,,,,,,
,,,,,,,,PNG_PORT0004,,,,,,,,,,,
,,,,,,,,PNG_PORT0005,,,,,,,,,,,
,,,,,,,,PNG_PORT0006,,,,,,,,,,,
,,,,,,,,PNG_PORT0007,,,,,,,,,,,
,,,,,,,,PNG_PORT0008,,,,,,,,,,,
,,,,,,,,PNG_PORT0009,,,,,,,,,,,
,,,,,,,,PAN_PORT0001,,,,,,,,,,,
,,,,,,,,PAN_PORT0002,,,,,,,,,,,
,,,,,,,,PAN_PORT0003,,,,,,,,,,,
,,,,,,,,PAN_PORT0004,,,,,,,,,,,
,,,,,,,,PAN_PORT0005,,,,,,,,,,,
,,,,,,,,PAN_PORT0006,,,,,,,,,,,
,,,,,,,,PAN_PORT0007,,,,,,,,,,,
,,,,,,,,PAN_PORT0008,,,,,,,,,,,
,,,,,,,,PLW_PORT0001,,,,,,,,,,,
,,,,,,,,PAK_PORT0001,,,,,,,,,,,
,,,,,,,,PAK_PORT0002,,,,,,,,,,,
,,,,,,,,OMN_PORT0001,,,,,,,,,,,
,,,,,,,,OMN_PORT0002,,,,,,,,,,,
,,,,,,,,NGA_PORT0001,,,,,,,,,,,
,,,,,,,,NGA_PORT0002,,,,,,,,,,,
,,,,,,,,NGA_PORT0003,,,,,,,,,,,
,,,,,,,,NGA_PORT0004,,,,,,,,,,,
,,,,,,,,NGA_PORT0005,,,,,,,,,,,
,,,,,,,,NGA_PORT0006,,,,,,,,,,,
,,,,,,,,NIC_PORT0001,,,,,,,,,,,
,,,,,,,,NIC_PORT0002,,,,,,,,,,,
,,,,,,,,NZL_PORT0001,,,,,,,,,,,
,,,,,,,,NZL_PORT0002,,,,,,,,,,,
,,,,,,,,NZL_PORT0003,,,,,,,,,,,
,,,,,,,,NZL_PORT0004,,,,,,,,,,,
,,,,,,,,NZL_PORT0005,,,,,,,,,,,
,,,,,,,,NZL_PORT0006,,,,,,,,,,,
,,,,,,,,NZL_PORT0007,,,,,,,,,,,
,,,,,,,,NZL_PORT0008,,,,,,,,,,,
,,,,,,,,NZL_PORT0009,,,,,,,,,,,
,,,,,,,,NZL_PORT0010,,,,,,,,,,,
,,,,,,,,NCL_PORT0001,,,,,,,,,,,
,,,,,,,,NCL_PORT0002,,,,,,,,,,,
,,,,,,,,NRU_PORT0001,,,,,,,,,,,
,,,,,,,,NAM_PORT0001,,,,,,,,,,,
,,,,,,,,NAM_PORT0002,,,,,,,,,,,
,,,,,,,,MMR_PORT0001,,,,,,,,,,,
,,,,,,,,MMR_PORT0002,,,,,,,,,,,
,,,,,,,,MMR_PORT0003,,,,,,,,,,,
,,,,,,,,MMR_PORT0004,,,,,,,,,,,
,,,,,,,,MOZ_PORT0001,,,,,,,,,,,
,,,,,,,,MOZ_PORT0002,,,,,,,,,,,
,,,,,,,,MOZ_PORT0003,,,,,,,,,,,
,,,,,,,,MOZ_PORT0004,,,,,,,,,,,
,,,,,,,,MAR_PORT0001,,,,,,,,,,,
,,,,,,,,MAR_PORT0002,,,,,,,,,,,
,,,,,,,,MAR_PORT0003,,,,,,,,,,,
,,,,,,,,MAR_PORT0004,,,,,,,,,,,
,,,,,,,,MSR_PORT0001,,,,,,,,,,,
,,,,,,,,MNE_PORT0001,,,,,,,,,,,
,,,,,,,,MDA_PORT0001,,,,,,,,,,,
,,,,,,,,MEX_PORT0001,,,,,,,,,,,
,,,,,,,,MEX_PORT0002,,,,,,,,,,,
,,,,,,,,MEX_PORT0003,,,,,,,,,,,
,,,,,,,,MEX_PORT0004,,,,,,,,,,,
,,,,,,,,MEX_PORT0005,,,,,,,,,,,
,,,,,,,,MEX_PORT0006,,,,,,,,,,,
,,,,,,,,MEX_PORT0007,,,,,,,,,,,
,,,,,,,,MEX_PORT0008,,,,,,,,,,,
,,,,,,,,MEX_PORT0009,,,,,,,,,,,
,,,,,,,,MEX_PORT0010,,,,,,,,,,,
,,,,,,,,MEX_PORT0011,,,,,,,,,,,
,,,,,,,,MEX_PORT0012,,,,,,,,,,,
,,,,,,,,MEX_PORT0013,,,,,,,,,,,
,,,,,,,,MYT_PORT0001,,,,,,,,,,,
,,,,,,,,MUS_PORT0001,,,,,,,,,,,
,,,,,,,,MUS_PORT0002,,,,,,,,,,,
,,,,,,,,MRT_PORT0001,,,,,,,,,,,
,,,,,,,,MRT_PORT0002,,,,,,,,,,,
,,,,,,,,MTQ_PORT0001,,,,,,,,,,,
,,,,,,,,MHL_PORT0001,,,,,,,,,,,
,,,,,,,,MHL_PORT0002,,,,,,,,,,,
,,,,,,,,MDV_PORT0001,,,,,,,,,,,
,,,,,,,,MYS_PORT0001,,,,,,,,,,,
,,,,,,,,MYS_PORT0002,,,,,,,,,,,
,,,,,,,,MYS_PORT0003,,,,,,,,,,,
,,,,,,,,MYS_PORT0004,,,,,,,,,,,
,,,,,,,,MYS_PORT0005,,,,,,,,,,,
,,,,,,,,MYS_PORT0006,,,,,,,,,,,
,,,,,,,,MYS_PORT0007,,,,,,,,,,,
,,,,,,,,MYS_PORT0008,,,,,,,,,,,
,,,,,,,,MYS_PORT0009,,,,,,,,,,,
,,,,,,,,MYS_PORT0010,,,,,,,,,,,
,,,,,,,,MYS_PORT0011,,,,,,,,,,,
,,,,,,,,MYS_PORT0012,,,,,,,,,,,
,,,,,,,,MDG_PORT0001,,,,,,,,,,,
,,,,,,,,MDG_PORT0002,,,,,,,,,,,
,,,,,,,,MDG_PORT0003,,,,,,,,,,,
,,,,,,,,MDG_PORT0004,,,,,,,,,,,
,,,,,,,,MDG_PORT0005,,,,,,,,,,,
,,,,,,,,MDG_PORT0006,,,,,,,,,,,
,,,,,,,,LBY_PORT0001,,,,,,,,,,,
,,,,,,,,LBY_PORT0002,,,,,,,,,,,
,,,,,,,,LBY_PORT0003,,,,,,,,,,,
,,,,,,,,LBY_PORT0004,,,,,,,,,,,
,,,,,,,,LBR_PORT0001,,,,,,,,,,,
,,,,,,,,LBN_PORT0001,,,,,,,,,,,
,,,,,,,,LBN_PORT0002,,,,,,,,,,,
,,,,,,,,KWT_PORT0001,,,,,,,,,,,
,,,,,,,,KWT_PORT0002,,,,,,,,,,,
,,,,,,,,KOR_PORT0001,,,,,,,,,,,
,,,,,,,,KOR_PORT0002,,,,,,,,,,,
,,,,,,,,KOR_PORT0003,,,,,,,,,,,
,,,,,,,,KOR_PORT0004,,,,,,,,,,,
,,,,,,,,KOR_PORT0005,,,,,,,,,,,
,,,,,,,,KOR_PORT0006,,,,,,,,,,,
,,,,,,,,KOR_PORT0007,,,,,,,,,,,
,,,,,,,,KOR_PORT0008,,,,,,,,,,,
,,,,,,,,KOR_PORT0009,,,,,,,,,,,
,,,,,,,,KOR_PORT0010,,,,,,,,,,,
,,,,,,,,KOR_PORT0011,,,,,,,,,,,
,,,,,,,,KIR_PORT0001,,,,,,,,,,,
,,,,,,,,KEN_PORT0001,,,,,,,,,,,
,,,,,,,,JOR_PORT0001,,,,,,,,,,,
,,,,,,,,JPN_PORT0001,,,,,,,,,,,
,,,,,,,,JPN_PORT0002,,,,,,,,,,,
,,,,,,,,JPN_PORT0003,,,,,,,,,,,
,,,,,,,,JPN_PORT0004,,,,,,,,,,,
,,,,,,,,JPN_PORT0005,,,,,,,,,,,
,,,,,,,,JPN_PORT0006,,,,,,,,,,,
,,,,,,,,JPN_PORT0007,,,,,,,,,,,
,,,,,,,,JPN_PORT0008,,,,,,,,,,,
,,,,,,,,JPN_PORT0009,,,,,,,,,,,
,,,,,,,,JPN_PORT0010,,,,,,,,,,,
,,,,,,,,JPN_PORT0011,,,,,,,,,,,
,,,,,,,,JPN_PORT0012,,,,,,,,,,,
,,,,,,,,JPN_PORT0013,,,,,,,,,,,
,,,,,,,,JPN_PORT0014,,,,,,,,,,,
,,,,,,,,JPN_PORT0015,,,,,,,,,,,
,,,,,,,,JPN_PORT0016,,,,,,,,,,,
,,,,,,,,JPN_PORT0017,,,,,,,,,,,
,,,,,,,,JPN_PORT0018,,,,,,,,,,,
,,,,,,,,JPN_PORT0019,,,,,,,,,,,
,,,,,,,,JPN_PORT0020,,,,,,,,,,,
,,,,,,,,JPN_PORT0021,,,,,,,,,,,
,,,,,,,,JPN_PORT0022,,,,,,,,,,,
,,,,,,,,JPN_PORT0023,,,,,,,,,,,
,,,,,,,,JPN_PORT0024,,,,,,,,,,,
,,,,,,,,JPN_PORT0025,,,,,,,,,,,
,,,,,,,,JPN_PORT0026,,,,,,,,,,,
,,,,,,,,JPN_PORT0027,,,,,,,,,,,
,,,,,,,,JPN_PORT0028,,,,,,,,,,,
,,,,,,,,JPN_PORT0029,,,,,,,,,,,
,,,,,,,,JPN_PORT0030,,,,,,,,,,,
,,,,,,,,JPN_PORT0031,,,,,,,,,,,
,,,,,,,,JPN_PORT0032,,,,,,,,,,,
,,,,,,,,JPN_PORT0033,,,,,,,,,,,
,,,,,,,,JPN_PORT0034,,,,,,,,,,,
,,,,,,,,JPN_PORT0035,,,,,,,,,,,
,,,,,,,,JPN_PORT0036,,,,,,,,,,,
,,,,,,,,JPN_PORT0037,,,,,,,,,,,
,,,,,,,,JPN_PORT0038,,,,,,,,,,,
,,,,,,,,JPN_PORT0039,,,,,,,,,,,
,,,,,,,,JPN_PORT0040,,,,,,,,,,,
,,,,,,,,JPN_PORT0041,,,,,,,,,,,
,,,,,,,,JPN_PORT0042,,,,,,,,,,,
,,,,,,,,JPN_PORT0043,,,,,,,,,,,
,,,,,,,,JPN_PORT0044,,,,,,,,,,,
,,,,,,,,JPN_PORT0045,,,,,,,,,,,
,,,,,,,,JPN_PORT0046,,,,,,,,,,,
,,,,,,,,JPN_PORT0047,,,,,,,,,,,
,,,,,,,,JPN_PORT0048,,,,,,,,,,,
,,,,,,,,JPN_PORT0049,,,,,,,,,,,
,,,,,,,,JPN_PORT0050,,,,,,,,,,,
,,,,,,,,JPN_PORT0051,,,,,,,,,,,
,,,,,,,,JPN_PORT0052,,,,,,,,,,,
,,,,,,,,JPN_PORT0053,,,,,,,,,,,
,,,,,,,,JPN_PORT0054,,,,,,,,,,,
,,,,,,,,JPN_PORT0055,,,,,,,,,,,
,,,,,,,,JAM_PORT0001,,,,,,,,,,,
,,,,,,,,JAM_PORT0002,,,,,,,,,,,
,,,,,,,,ISR_PORT0001,,,,,,,,,,,
,,,,,,,,ISR_PORT0002,,,,,,,,,,,
,,,,,,,,IRQ_PORT0001,,,,,,,,,,,
,,,,,,,,IRQ_PORT0002,,,,,,,,,,,
,,,,,,,,IRQ_PORT0003,,,,,,,,,,,
,,,,,,,,IRN_PORT0001,,,,,,,,,,,
,,,,,,,,IRN_PORT0002,,,,,,,,,,,
,,,,,,,,IRN_PORT0003,,,,,,,,,,,
,,,,,,,,IRN_PORT0004,,,,,,,,,,,
,,,,,,,,IDN_PORT0001,,,,,,,,,,,
,,,,,,,,IDN_PORT0002,,,,,,,,,,,
,,,,,,,,IDN_PORT0003,,,,,,,,,,,
,,,,,,,,IDN_PORT0004,,,,,,,,,,,
,,,,,,,,IDN_PORT0005,,,,,,,,,,,
,,,,,,,,IDN_PORT0006,,,,,,,,,,,
,,,,,,,,IDN_PORT0007,,,,,,,,,,,
,,,,,,,,IDN_PORT0008,,,,,,,,,,,
,,,,,,,,IDN_PORT0009,,,,,,,,,,,
,,,,,,,,IDN_PORT0010,,,,,,,,,,,
,,,,,,,,IDN_PORT0011,,,,,,,,,,,
,,,,,,,,IDN_PORT0012,,,,,,,,,,,
,,,,,,,,IDN_PORT0013,,,,,,,,,,,
,,,,,,,,IDN_PORT0014,,,,,,,,,,,
,,,,,,,,IDN_PORT0015,,,,,,,,,,,
,,,,,,,,IDN_PORT0016,,,,,,,,,,,
,,,,,,,,IDN_PORT0017,,,,,,,,,,,
,,,,,,,,IDN_PORT0018,,,,,,,,,,,
,,,,,,,,IDN_PORT0019,,,,,,,,,,,
,,,,,,,,IDN_PORT0020,,,,,,,,,,,
,,,,,,,,IDN_PORT0021,,,,,,,,,,,
,,,,,,,,IDN_PORT0022,,,,,,,,,,,
,,,,,,,,IDN_PORT0023,,,,,,,,,,,
,,,,,,,,IDN_PORT0024,,,,,,,,,,,
,,,,,,,,IDN_PORT0025,,,,,,,,,,,
,,,,,,,,IDN_PORT0026,,,,,,,,,,,
,,,,,,,,IDN_PORT0027,,,,,,,,,,,
,,,,,,,,IDN_PORT0028,,,,,,,,,,,
,,,,,,,,IDN_PORT0029,,,,,,,,,,,
,,,,,,,,IND_PORT0001,,,,,,,,,,,
,,,,,,,,IND_PORT0002,,,,,,,,,,,
,,,,,,,,IND_PORT0003,,,,,,,,,,,
,,,,,,,,IND_PORT0004,,,,,,,,,,,
,,,,,,,,IND_PORT0005,,,,,,,,,,,
,,,,,,,,IND_PORT0006,,,,,,,,,,,
,,,,,,,,IND_PORT0007,,,,,,,,,,,
,,,,,,,,IND_PORT0008,,,,,,,,,,,
,,,,,,,,IND_PORT0009,,,,,,,,,,,
,,,,,,,,IND_PORT0010,,,,,,,,,,,
,,,,,,,,IND_PORT0011,,,,,,,,,,,
,,,,,,,,IND_PORT0012,,,,,,,,,,,
,,,,,,,,IND_PORT0013,,,,,,,,,,,
,,,,,,,,IND_PORT0014,,,,,,,,,,,
,,,,,,,,IND_PORT0015,,,,,,,,,,,
,,,,,,,,IND_PORT0016,,,,,,,,,,,
,,,,,,,,IND_PORT0017,,,,,,,,,,,
,,,,,,,,IND_PORT0018,,,,,,,,,,,
,,,,,,,,IND_PORT0019,,,,,,,,,,,
,,,,,,,,ISL_PORT0001,,,,,,,,,,,
,,,,,,,,ISL_PORT0002,,,,,,,,,,,
,,,,,,,,ISL_PORT0003,,,,,,,,,,,
,,,,,,,,HKG_PORT0001,,,,,,,,,,,
,,,,,,,,HND_PORT0001,,,,,,,,,,,
,,,,,,,,HND_PORT0002,,,,,,,,,,,
,,,,,,,,HND_PORT0003,,,,,,,,,,,
,,,,,,,,HTI_PORT0001,,,,,,,,,,,
,,,,,,,,HTI_PORT0002,,,,,,,,,,,
,,,,,,,,HTI_PORT0003,,,,,,,,,,,
,,,,,,,,GUY_PORT0001,,,,,,,,,,,
,,,,,,,,GNB_PORT0001,,,,,,,,,,,
,,,,,,,,GIN_PORT0001,,,,,,,,,,,
,,,,,,,,GTM_PORT0001,,,,,,,,,,,
,,,,,,,,GTM_PORT0002,,,,,,,,,,,
,,,,,,,,GUM_PORT0001,,,,,,,,,,,
,,,,,,,,GLP_PORT0001,,,,,,,,,,,
,,,,,,,,GRD_PORT0001,,,,,,,,,,,
,,,,,,,,GRL_PORT0001,,,,,,,,,,,
,,,,,,,,GRL_PORT0002,,,,,,,,,,,
,,,,,,,,GIB_PORT0001,,,,,,,,,,,
,,,,,,,,GHA_PORT0001,,,,,,,,,,,
,,,,,,,,GHA_PORT0002,,,,,,,,,,,
,,,,,,,,GEO_PORT0001,,,,,,,,,,,
,,,,,,,,GEO_PORT0002,,,,,,,,,,,
,,,,,,,,GMB_PORT0001,,,,,,,,,,,
,,,,,,,,GAB_PORT0001,,,,,,,,,,,
,,,,,,,,GAB_PORT0002,,,,,,,,,,,
,,,,,,,,PYF_PORT0001,,,,,,,,,,,
,,,,,,,,PYF_PORT0002,,,,,,,,,,,
,,,,,,,,GUF_PORT0001,,,,,,,,,,,
,,,,,,,,FJI_PORT0001,,,,,,,,,,,
,,,,,,,,FJI_PORT0002,,,,,,,,,,,
,,,,,,,,FRO_PORT0001,,,,,,,,,,,
,,,,,,,,FRO_PORT0002,,,,,,,,,,,
,,,,,,,,ERI_PORT0001,,,,,,,,,,,
,,,,,,,,GNQ_PORT0001,,,,,,,,,,,
,,,,,,,,GNQ_PORT0002,,,,,,,,,,,
,,,,,,,,SLV_PORT0001,,,,,,,,,,,
,,,,,,,,SLV_PORT0002,,,,,,,,,,,
,,,,,,,,EGY_PORT0001,,,,,,,,,,,
,,,,,,,,EGY_PORT0002,,,,,,,,,,,
,,,,,,,,EGY_PORT0003,,,,,,,,,,,
,,,,,,,,EGY_PORT0004,,,,,,,,,,,
,,,,,,,,EGY_PORT0005,,,,,,,,,,,
,,,,,,,,ECU_PORT0001,,,,,,,,,,,
,,,,,,,,ECU_PORT0002,,,,,,,,,,,
,,,,,,,,ECU_PORT0003,,,,,,,,,,,
,,,,,,,,ECU_PORT0004,,,,,,,,,,,
,,,,,,,,DOM_PORT0001,,,,,,,,,,,
,,,,,,,,DOM_PORT0002,,,,,,,,,,,
,,,,,,,,DOM_PORT0003,,,,,,,,,,,
,,,,,,,,DOM_PORT0004,,,,,,,,,,,
,,,,,,,,DMA_PORT0001,,,,,,,,,,,
,,,,,,,,DJI_PORT0001,,,,,,,,,,,
,,,,,,,,CIV_PORT0001,,,,,,,,,,,
,,,,,,,,CIV_PORT0002,,,,,,,,,,,
,,,,,,,,CUW_PORT0001,,,,,,,,,,,
,,,,,,,,CUB_PORT0001,,,,,,,,,,,
,,,,,,,,CUB_PORT0002,,,,,,,,,,,
,,,,,,,,CUB_PORT0003,,,,,,,,,,,
,,,,,,,,CRI_PORT0001,,,,,,,,,,,
,,,,,,,,CRI_PORT0002,,,,,,,,,,,
,,,,,,,,CRI_PORT0003,,,,,,,,,,,
,,,,,,,,COK_PORT0001,,,,,,,,,,,
,,,,,,,,COK_PORT0002,,,,,,,,,,,
,,,,,,,,COD_PORT0001,,,,,,,,,,,
,,,,,,,,COG_PORT0001,,,,,,,,,,,
,,,,,,,,COM_PORT0001,,,,,,,,,,,
,,,,,,,,COM_PORT0002,,,,,,,,,,,
,,,,,,,,COL_PORT0001,,,,,,,,,,,
,,,,,,,,COL_PORT0002,,,,,,,,,,,
,,,,,,,,COL_PORT0003,,,,,,,,,,,
,,,,,,,,COL_PORT0004,,,,,,,,,,,
,,,,,,,,COL_PORT0005,,,,,,,,,,,
,,,,,,,,COL_PORT0006,,,,,,,,,,,
,,,,,,,,COL_PORT0007,,,,,,,,,,,
,,,,,,,,CXR_PORT0001,,,,,,,,,,,
,,,,,,,,CHN_PORT0001,,,,,,,,,,,
,,,,,,,,CHN_PORT0002,,,,,,,,,,,
,,,,,,,,CHN_PORT0003,,,,,,,,,,,
,,,,,,,,CHN_PORT0004,,,,,,,,,,,
,,,,,,,,CHN_PORT0005,,,,,,,,,,,
,,,,,,,,CHN_PORT0006,,,,,,,,,,,
,,,,,,,,CHN_PORT0007,,,,,,,,,,,
,,,,,,,,CHN_PORT0008,,,,,,,,,,,
,,,,,,,,CHN_PORT0009,,,,,,,,,,,
,,,,,,,,CHN_PORT0010,,,,,,,,,,,
,,,,,,,,CHN_PORT0011,,,,,,,,,,,
,,,,,,,,CHN_PORT0012,,,,,,,,,,,
,,,,,,,,CHN_PORT0013,,,,,,,,,,,
,,,,,,,,CHN_PORT0014,,,,,,,,,,,
,,,,,,,,CHN_PORT0015,,,,,,,,,,,
,,,,,,,,CHN_PORT0016,,,,,,,,,,,
,,,,,,,,CHN_PORT0017,,,,,,,,,,,
,,,,,,,,CHN_PORT0018,,,,,,,,,,,
,,,,,,,,CHN_PORT0019,,,,,,,,,,,
,,,,,,,,CHN_PORT0020,,,,,,,,,,,
,,,,,,,,CHN_PORT0021,,,,,,,,,,,
,,,,,,,,CHN_PORT0022,,,,,,,,,,,
,,,,,,,,CHN_PORT0023,,,,,,,,,,,
,,,,,,,,CHN_PORT0024,,,,,,,,,,,
,,,,,,,,CHN_PORT0025,,,,,,,,,,,
,,,,,,,,CHN_PORT0026,,,,,,,,,,,
,,,,,,,,CHL_PORT0001,,,,,,,,,,,
,,,,,,,,CHL_PORT0002,,,,,,,,,,,
,,,,,,,,CHL_PORT0003,,,,,,,,,,,
,,,,,,,,CHL_PORT0004,,,,,,,,,,,
,,,,,,,,CHL_PORT0005,,,,,,,,,,,
,,,,,,,,CHL_PORT0006,,,,,,,,,,,
,,,,,,,,CHL_PORT0007,,,,,,,,,,,
,,,,,,,,CHL_PORT0008,,,,,,,,,,,
,,,,,,,,CHL_PORT0009,,,,,,,,,,,
,,,,,,,,CHL_PORT0010,,,,,,,,,,,
,,,,,,,,CHL_PORT0011,,,,,,,,,,,
,,,,,,,,CYM_PORT0001,,,,,,,,,,,
,,,,,,,,CAN_PORT0001,,,,,,,,,,,
,,,,,,,,CAN_PORT0002,,,,,,,,,,,
,,,,,,,,CAN_PORT0003,,,,,,,,,,,
,,,,,,,,CAN_PORT0004,,,,,,,,,,,
,,,,,,,,CAN_PORT0005,,,,,,,,,,,
,,,,,,,,CAN_PORT0006,,,,,,,,,,,
,,,,,,,,CAN_PORT0007,,,,,,,,,,,
,,,,,,,,CAN_PORT0008,,,,,,,,,,,
,,,,,,,,CAN_PORT0009,,,,,,,,,,,
,,,,,,,,CAN_PORT0010,,,,,,,,,,,
,,,,,,,,CMR_PORT0001,,,,,,,,,,,
,,,,,,,,CMR_PORT0002,,,,,,,,,,,
,,,,,,,,KHM_PORT0001,,,,,,,,,,,
,,,,,,,,CPV_PORT0001,,,,,,,,,,,
,,,,,,,,CPV_PORT0002,,,,,,,,,,,
,,,,,,,,CPV_PORT0003,,,,,,,,,,,
,,,,,,,,CPV_PORT0004,,,,,,,,,,,
,,,,,,,,BRA_PORT0001,,,,,,,,,,,
,,,,,,,,BRA_PORT0002,,,,,,,,,,,
,,,,,,,,BRA_PORT0003,,,,,,,,,,,
,,,,,,,,BRA_PORT0004,,,,,,,,,,,
,,,,,,,,BRA_PORT0005,,,,,,,,,,,
,,,,,,,,BRA_PORT0006,,,,,,,,,,,
,,,,,,,,BRA_PORT0007,,,,,,,,,,,
,,,,,,,,BRA_PORT0008,,,,,,,,,,,
,,,,,,,,BRA_PORT0009,,,,,,,,,,,
,,,,,,,,BRA_PORT0010,,,,,,,,,,,
,,,,,,,,BRA_PORT0011,,,,,,,,,,,
,,,,,,,,BRA_PORT0012,,,,,,,,,,,
,,,,,,,,BRA_PORT0013,,,,,,,,,,,
,,,,,,,,BRA_PORT0014,,,,,,,,,,,
,,,,,,,,BRA_PORT0015,,,,,,,,,,,
,,,,,,,,BRA_PORT0016,,,,,,,,,,,
,,,,,,,,BRA_PORT0017,,,,,,,,,,,
,,,,,,,,BRA_PORT0018,,,,,,,,,,,
,,,,,,,,BRA_PORT0019,,,,,,,,,,,
,,,,,,,,BES_PORT0001,,,,,,,,,,,
,,,,,,,,BMU_PORT0001,,,,,,,,,,,
,,,,,,,,BEN_PORT0001,,,,,,,,,,,
,,,,,,,,BLZ_PORT0001,,,,,,,,,,,
,,,,,,,,BLZ_PORT0002,,,,,,,,,,,
,,,,,,,,BRB_PORT0001,,,,,,,,,,,
,,,,,,,,BGD_PORT0001,,,,,,,,,,,
,,,,,,,,BGD_PORT0002,,,,,,,,,,,
,,,,,,,,BHR_PORT0001,,,,,,,,,,,
,,,,,,,,BHS_PORT0001,,,,,,,,,,,
,,,,,,,,AUS_PORT0001,,,,,,,,,,,
,,,,,,,,AUS_PORT0002,,,,,,,,,,,
,,,,,,,,AUS_PORT0003,,,,,,,,,,,
,,,,,,,,AUS_PORT0004,,,,,,,,,,,
,,,,,,,,AUS_PORT0005,,,,,,,,,,,
,,,,,,,,AUS_PORT0006,,,,,,,,,,,
,,,,,,,,AUS_PORT0007,,,,,,,,,,,
,,,,,,,,AUS_PORT0008,,,,,,,,,,,
,,,,,,,,AUS_PORT0009,,,,,,,,,,,
,,,,,,,,AUS_PORT0010,,,,,,,,,,,
,,,,,,,,AUS_PORT0011,,,,,,,,,,,
,,,,,,,,AUS_PORT0012,,,,,,,,,,,
,,,,,,,,AUS_PORT0013,,,,,,,,,,,
,,,,,,,,AUS_PORT0014,,,,,,,,,,,
,,,,,,,,AUS_PORT0015,,,,,,,,,,,
,,,,,,,,AUS_PORT0016,,,,,,,,,,,
,,,,,,,,AUS_PORT0017,,,,,,,,,,,
,,,,,,,,ABW_PORT0001,,,,,,,,,,,
,,,,,,,,ABW_PORT0002,,,,,,,,,,,
,,,,,,,,ARG_PORT0001,,,,,,,,,,,
,,,,,,,,ARG_PORT0002,,,,,,,,,,,
,,,,,,,,ARG_PORT0003,,,,,,,,,,,
,,,,,,,,ARG_PORT0004,,,,,,,,,,,
,,,,,,,,ARG_PORT0005,,,,,,,,,,,
,,,,,,,,ARG_PORT0006,,,,,,,,,,,
,,,,,,,,ARG_PORT0007,,,,,,,,,,,
,,,,,,,,ARG_PORT0008,,,,,,,,,,,
,,,,,,,,ARG_PORT0009,,,,,,,,,,,
,,,,,,,,ATG_PORT0001,,,,,,,,,,,
,,,,,,,,AIA_PORT0001,,,,,,,,,,,
,,,,,,,,AGO_PORT0001,,,,,,,,,,,
,,,,,,,,AGO_PORT0002,,,,,,,,,,,
,,,,,,,,AGO_PORT0003,,,,,,,,,,,
,,,,,,,,AGO_PORT0004,,,,,,,,,,,
,,,,,,,,AGO_PORT0005,,,,,,,,,,,
,,,,,,,,AGO_PORT0006,,,,,,,,,,,
,,,,,,,,ASM_PORT0001,,,,,,,,,,,
,,,,,,,,DZA_PORT0001,,,,,,,,,,,
,,,,,,,,DZA_PORT0002,,,,,,,,,,,
,,,,,,,,DZA_PORT0003,,,,,,,,,,,
,,,,,,,,DZA_PORT0004,,,,,,,,,,,
,,,,,,,,DZA_PORT0005,,,,,,,,,,,
,,,,,,,,ALB_PORT0001,,,,,,,,,,,
,,,,,,,,ALB_PORT0002,,,,,,,,,,,
,,,,,,,,AGO_LH2L0001,,,,,,,,,,,
,,,,,,,,ARE_LH2L0001,,,,,,,,,,,
,,,,,,,,ARE_LH2L0002,,,,,,,,,,,
,,,,,,,,ARG_LH2L0001,,,,,,,,,,,
,,,,,,,,AUS_LH2L0001,,,,,,,,,,,
,,,,,,,,AUS_LH2L0002,,,,,,,,,,,
,,,,,,,,AUS_LH2L0003,,,,,,,,,,,
,,,,,,,,AUS_LH2L0004,,,,,,,,,,,
,,,,,,,,AUS_LH2L0005,,,,,,,,,,,
,,,,,,,,AUS_LH2L0006,,,,,,,,,,,
,,,,,,,,AUS_LH2L0007,,,,,,,,,,,
,,,,,,,,AUS_LH2L0008,,,,,,,,,,,
,,,,,,,,AUS_LH2L0009,,,,,,,,,,,
,,,,,,,,AUS_LH2L0010,,,,,,,,,,,
,,,,,,,,AUS_LH2L0011,,,,,,,,,,,
,,,,,,,,AUS_LH2L0012,,,,,,,,,,,
,,,,,,,,AUS_LH2L0013,,,,,,,,,,,
,,,,,,,,AUS_LH2L0014,,,,,,,,,,,
,,,,,,,,AUS_LH2L0015,,,,,,,,,,,
,,,,,,,,AUS_LH2L0016,,,,,,,,,,,
,,,,,,,,CAN_LH2L0001,,,,,,,,,,,
,,,,,,,,DZA_LH2L0001,,,,,,,,,,,
,,,,,,,,DZA_LH2L0002,,,,,,,,,,,
,,,,,,,,DZA_LH2L0003,,,,,,,,,,,
,,,,,,,,DZA_LH2L0004,,,,,,,,,,,
,,,,,,,,EGY_LH2L0001,,,,,,,,,,,
,,,,,,,,EGY_LH2L0002,,,,,,,,,,,
,,,,,,,,GNQ_LH2L0001,,,,,,,,,,,
,,,,,,,,IDN_LH2L0001,,,,,,,,,,,
,,,,,,,,IDN_LH2L0002,,,,,,,,,,,
,,,,,,,,IDN_LH2L0003,,,,,,,,,,,
,,,,,,,,IDN_LH2L0004,,,,,,,,,,,
,,,,,,,,IDN_LH2L0005,,,,,,,,,,,
,,,,,,,,IDN_LH2L0006,,,,,,,,,,,
,,,,,,,,IDN_LH2L0007,,,,,,,,,,,
,,,,,,,,IDN_LH2L0008,,,,,,,,,,,
,,,,,,,,IDN_LH2L0009,,,,,,,,,,,
,,,,,,,,IDN_LH2L0010,,,,,,,,,,,
,,,,,,,,LBY_LH2L0001,,,,,,,,,,,
,,,,,,,,MYS_LH2L0001,,,,,,,,,,,
,,,,,,,,MYS_LH2L0002,,,,,,,,,,,
,,,,,,,,MYS_LH2L0003,,,,,,,,,,,
,,,,,,,,MYS_LH2L0004,,,,,,,,,,,
,,,,,,,,MYS_LH2L0005,,,,,,,,,,,
,,,,,,,,MYS_LH2L0006,,,,,,,,,,,
,,,,,,,,MYS_LH2L0007,,,,,,,,,,,
,,,,,,,,NGA_LH2L0001,,,,,,,,,,,
,,,,,,,,NGA_LH2L0002,,,,,,,,,,,
,,,,,,,,NGA_LH2L0003,,,,,,,,,,,
,,,,,,,,NGA_LH2L0004,,,,,,,,,,,
,,,,,,,,NGA_LH2L0005,,,,,,,,,,,
,,,,,,,,NGA_LH2L0006,,,,,,,,,,,
,,,,,,,,NOR_LH2L0001,,,,,,,,,,,
,,,,,,,,OMN_LH2L0001,,,,,,,,,,,
,,,,,,,,OMN_LH2L0002,,,,,,,,,,,
,,,,,,,,PER_LH2L0001,,,,,,,,,,,
,,,,,,,,PNG_LH2L0001,,,,,,,,,,,
,,,,,,,,QAT_LH2L0001,,,,,,,,,,,
,,,,,,,,QAT_LH2L0002,,,,,,,,,,,
,,,,,,,,QAT_LH2L0003,,,,,,,,,,,
,,,,,,,,QAT_LH2L0004,,,,,,,,,,,
,,,,,,,,QAT_LH2L0005,,,,,,,,,,,
,,,,,,,,QAT_LH2L0006,,,,,,,,,,,
,,,,,,,,QAT_LH2L0007,,,,,,,,,,,
,,,,,,,,QAT_LH2L0008,,,,,,,,,,,
,,,,,,,,QAT_LH2L0009,,,,,,,,,,,
,,,,,,,,QAT_LH2L0010,,,,,,,,,,,
,,,,,,,,QAT_LH2L0011,,,,,,,,,,,
,,,,,,,,QAT_LH2L0012,,,,,,,,,,,
,,,,,,,,RUS_LH2L0001,,,,,,,,,,,
,,,,,,,,RUS_LH2L0002,,,,,,,,,,,
,,,,,,,,RUS_LH2L0003,,,,,,,,,,,
,,,,,,,,RUS_LH2L0004,,,,,,,,,,,
,,,,,,,,TTO_LH2L0001,,,,,,,,,,,
,,,,,,,,TTO_LH2L0002,,,,,,,,,,,
,,,,,,,,TTO_LH2L0003,,,,,,,,,,,
,,,,,,,,TTO_LH2L0004,,,,,,,,,,,
,,,,,,,,USA_LH2L0001,,,,,,,,,,,
,,,,,,,,USA_LH2L0002,,,,,,,,,,,
,,,,,,,,USA_LH2L0003,,,,,,,,,,,
,,,,,,,,USA_LH2L0004,,,,,,,,,,,
,,,,,,,,USA_LH2L0005,,,,,,,,,,,
,,,,,,,,USA_LH2L0006,,,,,,,,,,,
,,,,,,,,USA_LH2L0007,,,,,,,,,,,
,,,,,,,,USA_LH2L0008,,,,,,,,,,,
,,,,,,,,USA_LH2L0009,,,,,,,,,,,
,,,,,,,,USA_LH2L0010,,,,,,,,,,,
,,,,,,,,USA_LH2L0011,,,,,,,,,,,
,,,,,,,,USA_LH2L0012,,,,,,,,,,,
,,,,,,,,USA_LH2L0013,,,,,,,,,,,
,,,,,,,,USA_LH2L0015,,,,,,,,,,,
,,,,,,,,USA_LH2L0016,,,,,,,,,,,
,,,,,,,,YEM_LH2L0001,,,,,,,,,,,
